country,year,violence_events,civilian_fatalities,total_fatalities,civilian_events
Afghanistan,2017,12582,1434,36360,644
Afghanistan,2018,13664,1585,42991,688
Afghanistan,2019,13612,1482,41419,872
Afghanistan,2020,9766,2356,31037,1583
Afghanistan,2021,9128,2221,42425,1619
Afghanistan,2022,2549,1357,4152,1242
Afghanistan,2023,1035,462,1152,625
Afghanistan,2024,1105,407,1363,559
Afghanistan,2025,794,250,927,401
Afghanistan,2026,81,24,74,51
Akrotiri And Dhekelia,2018,0,0,0,0
Akrotiri And Dhekelia,2019,0,0,0,0
Akrotiri And Dhekelia,2020,0,0,0,0
Akrotiri And Dhekelia,2021,1,0,0,1
Akrotiri And Dhekelia,2022,0,0,0,0
Akrotiri And Dhekelia,2023,0,0,0,0
Akrotiri And Dhekelia,2024,0,0,0,0
Akrotiri And Dhekelia,2025,0,0,0,0
Akrotiri And Dhekelia,2026,0,0,0,0
Albania,2018,6,0,1,1
Albania,2019,18,0,0,6
Albania,2020,7,0,0,3
Albania,2021,21,0,1,11
Albania,2022,6,0,0,2
Albania,2023,8,1,1,5
Albania,2024,6,1,1,6
Albania,2025,3,0,0,3
Albania,2026,0,0,0,0
Algeria,1997,141,3559,3579,132
Algeria,1998,47,1048,1269,33
Algeria,1999,63,260,369,31
Algeria,2000,168,476,1389,69
Algeria,2001,155,370,945,56
Algeria,2002,210,500,1007,93
Algeria,2003,158,163,630,49
Algeria,2004,96,69,262,27
Algeria,2005,78,35,254,11
Algeria,2006,179,87,382,39
Algeria,2007,302,96,689,34
Algeria,2008,196,119,465,35
Algeria,2009,186,26,514,14
Algeria,2010,107,40,246,20
Algeria,2011,158,23,306,31
Algeria,2012,125,11,245,22
Algeria,2013,138,19,341,22
Algeria,2014,126,19,227,24
Algeria,2015,78,2,154,5
Algeria,2016,67,4,129,12
Algeria,2017,115,19,145,41
Algeria,2018,60,14,66,35
Algeria,2019,14,2,22,6
Algeria,2020,35,5,33,9
Algeria,2021,20,8,25,8
Algeria,2022,22,8,27,5
Algeria,2023,17,11,13,10
Algeria,2024,17,21,35,7
Algeria,2025,23,10,32,12
Algeria,2026,4,4,8,2
American Samoa,2021,0,0,0,0
American Samoa,2022,0,0,0,0
American Samoa,2025,0,0,0,0
Andorra,2020,1,0,0,1
Andorra,2021,0,0,0,0
Andorra,2022,0,0,0,0
Andorra,2023,0,0,0,0
Andorra,2024,0,0,0,0
Andorra,2025,0,0,0,0
Angola,1997,213,2842,5258,51
Angola,1998,447,9315,50810,107
Angola,1999,1290,6586,73725,103
Angola,2000,305,2418,3957,69
Angola,2001,301,1309,9113,119
Angola,2002,22,81,275,7
Angola,2003,2,0,6,0
Angola,2004,5,1,33,3
Angola,2005,2,0,3,0
Angola,2006,3,10,13,2
Angola,2007,13,9,16,8
Angola,2008,10,10,10,10
Angola,2009,11,3,5,10
Angola,2010,8,13,15,6
Angola,2011,8,4,4,6
Angola,2012,5,4,6,5
Angola,2013,10,6,6,10
Angola,2014,3,0,0,3
Angola,2015,5,1,23,3
Angola,2016,31,24,115,16
Angola,2017,54,12,67,32
Angola,2018,27,35,41,23
Angola,2019,19,11,24,18
Angola,2020,65,39,74,54
Angola,2021,64,141,150,48
Angola,2022,67,53,107,51
Angola,2023,66,47,66,55
Angola,2024,42,44,98,34
Angola,2025,53,42,200,40
Angola,2026,8,6,6,7
Anguilla,2018,0,0,0,0
Anguilla,2019,0,0,0,0
Anguilla,2020,0,0,0,0
Anguilla,2021,0,0,0,0
Anguilla,2022,0,0,0,0
Anguilla,2023,1,0,0,1
Anguilla,2024,0,0,0,0
Antarctica,2021,0,0,0,0
Antarctica,2022,0,0,0,0
Antarctica,2023,0,0,0,0
Antarctica,2024,0,0,0,0
Antigua and Barbuda,2018,1,0,0,1
Antigua and Barbuda,2019,1,0,0,1
Antigua and Barbuda,2020,4,2,2,4
Antigua and Barbuda,2021,1,0,0,1
Antigua and Barbuda,2022,0,0,0,0
Antigua and Barbuda,2023,1,1,1,1
Antigua and Barbuda,2024,4,3,3,4
Antigua and Barbuda,2025,1,1,1,1
Antigua and Barbuda,2026,0,0,0,0
Argentina,2018,89,16,27,70
Argentina,2019,75,23,24,50
Argentina,2020,78,14,24,60
Argentina,2021,81,14,19,64
Argentina,2022,65,11,16,41
Argentina,2023,57,6,7,35
Argentina,2024,14,3,3,8
Argentina,2025,19,5,10,10
Argentina,2026,1,0,0,0
Armenia,2018,1373,2,6,21
Armenia,2019,1364,0,2,8
Armenia,2020,1243,6,27,13
Armenia,2021,101,0,24,6
Armenia,2022,146,11,210,13
Armenia,2023,123,1,24,13
Armenia,2024,27,0,4,4
Armenia,2025,135,2,2,4
Armenia,2026,0,0,0,0
Aruba,2018,0,0,0,0
Aruba,2019,0,0,0,0
Aruba,2020,0,0,0,0
Aruba,2021,0,0,0,0
Aruba,2022,0,0,0,0
Aruba,2023,0,0,0,0
Aruba,2024,0,0,0,0
Aruba,2025,1,1,1,1
Australia,2021,7,0,0,3
Australia,2022,5,1,7,1
Australia,2023,1,0,0,0
Australia,2024,7,0,0,3
Australia,2025,2,0,16,1
Australia,2026,1,0,0,1
Austria,2020,9,6,6,7
Austria,2021,4,0,0,2
Austria,2022,4,0,0,4
Austria,2023,4,0,0,4
Austria,2024,2,0,0,1
Austria,2025,2,2,2,2
Austria,2026,0,0,0,0
Azerbaijan,2018,8364,5,47,14
Azerbaijan,2019,4389,1,14,8
Azerbaijan,2020,4063,155,7057,100
Azerbaijan,2021,209,26,33,51
Azerbaijan,2022,386,5,68,43
Azerbaijan,2023,566,25,570,88
Azerbaijan,2024,76,2,2,21
Azerbaijan,2025,28,5,6,17
Azerbaijan,2026,3,0,0,3
Bahamas,2018,0,0,0,0
Bahamas,2019,2,0,0,1
Bahamas,2020,3,1,4,2
Bahamas,2021,2,2,2,2
Bahamas,2022,1,0,0,1
Bahamas,2023,9,0,0,9
Bahamas,2024,1,0,0,1
Bahamas,2025,1,0,0,1
Bahrain,2016,16,0,4,13
Bahrain,2017,31,5,17,13
Bahrain,2018,7,0,0,7
Bahrain,2019,5,1,1,5
Bahrain,2020,7,0,0,6
Bahrain,2021,20,0,0,19
Bahrain,2022,9,0,0,9
Bahrain,2023,4,0,0,4
Bahrain,2024,11,0,0,6
Bahrain,2025,12,0,0,10
Bahrain,2026,1,0,0,1
Bailiwick Of Guernsey,2020,0,0,0,0
Bailiwick Of Guernsey,2021,0,0,0,0
Bailiwick Of Guernsey,2022,0,0,0,0
Bailiwick Of Guernsey,2024,0,0,0,0
Bailiwick Of Guernsey,2025,0,0,0,0
Bailiwick Of Jersey,2020,0,0,0,0
Bailiwick Of Jersey,2021,0,0,0,0
Bailiwick Of Jersey,2025,0,0,0,0
Bangladesh,2010,1541,360,611,701
Bangladesh,2011,1378,334,573,594
Bangladesh,2012,1065,269,470,462
Bangladesh,2013,1220,281,810,565
Bangladesh,2014,797,150,390,356
Bangladesh,2015,961,218,502,491
Bangladesh,2016,513,129,421,196
Bangladesh,2017,269,64,226,99
Bangladesh,2018,705,150,268,449
Bangladesh,2019,713,275,391,464
Bangladesh,2020,480,210,279,346
Bangladesh,2021,810,178,356,443
Bangladesh,2022,872,188,308,492
Bangladesh,2023,979,212,328,580
Bangladesh,2024,1182,494,1907,643
Bangladesh,2025,1104,248,368,623
Bangladesh,2026,248,37,48,146
Barbados,2018,1,0,0,0
Barbados,2019,0,0,0,0
Barbados,2020,2,2,2,2
Barbados,2021,0,0,0,0
Barbados,2022,0,0,0,0
Barbados,2023,0,0,0,0
Barbados,2024,0,0,0,0
Barbados,2025,0,0,0,0
Belarus,2018,12,0,0,12
Belarus,2019,6,0,0,6
Belarus,2020,82,5,6,79
Belarus,2021,40,3,5,35
Belarus,2022,54,2,4,49
Belarus,2023,24,1,2,22
Belarus,2024,22,2,2,19
Belarus,2025,15,2,2,8
Belgium,2020,16,0,0,3
Belgium,2021,5,1,2,3
Belgium,2022,16,1,3,3
Belgium,2023,15,3,4,7
Belgium,2024,5,0,0,3
Belgium,2025,10,0,0,7
Belgium,2026,0,0,0,0
Belize,2018,152,68,91,111
Belize,2019,166,85,104,132
Belize,2020,136,61,75,105
Belize,2021,125,58,67,100
Belize,2022,76,38,48,57
Belize,2023,62,28,38,48
Belize,2024,47,16,23,36
Belize,2025,66,22,37,42
Belize,2026,11,8,10,9
Benin,1997,0,0,0,0
Benin,1998,1,1,1,1
Benin,1999,1,0,0,1
Benin,2000,0,0,1,0
Benin,2001,3,4,4,3
Benin,2002,0,0,0,0
Benin,2003,1,0,0,1
Benin,2004,1,0,2,0
Benin,2005,0,0,0,0
Benin,2006,0,0,0,0
Benin,2007,3,2,2,2
Benin,2008,0,0,0,0
Benin,2009,1,1,1,1
Benin,2010,1,0,0,1
Benin,2011,3,0,0,2
Benin,2012,1,0,0,1
Benin,2013,1,0,0,1
Benin,2014,1,0,0,1
Benin,2015,3,2,3,1
Benin,2016,9,3,22,5
Benin,2017,9,7,15,3
Benin,2018,25,22,31,18
Benin,2019,21,12,37,12
Benin,2020,119,32,64,85
Benin,2021,102,55,93,69
Benin,2022,177,87,168,112
Benin,2023,290,134,218,201
Benin,2024,282,137,273,215
Benin,2025,177,110,421,117
Benin,2026,2,0,1,0
Bermuda,2018,0,0,0,0
Bermuda,2019,0,0,0,0
Bermuda,2020,0,0,0,0
Bermuda,2021,0,0,0,0
Bermuda,2022,0,0,0,0
Bermuda,2023,0,0,0,0
Bermuda,2024,0,0,0,0
Bermuda,2025,0,0,0,0
Bermuda,2026,0,0,0,0
Bhutan,2020,1,0,0,1
Bhutan,2021,2,0,0,1
Bhutan,2022,2,0,0,1
Bhutan,2024,1,0,0,1
Bhutan,2025,1,1,1,1
"Bolivia, Plurinational State of",2018,26,14,26,9
"Bolivia, Plurinational State of",2019,40,8,36,19
"Bolivia, Plurinational State of",2020,54,1,1,27
"Bolivia, Plurinational State of",2021,54,6,8,24
"Bolivia, Plurinational State of",2022,63,6,11,28
"Bolivia, Plurinational State of",2023,90,8,15,40
"Bolivia, Plurinational State of",2024,85,12,19,44
"Bolivia, Plurinational State of",2025,115,25,38,65
"Bolivia, Plurinational State of",2026,13,3,3,8
Bosnia and Herzegovina,2018,31,1,1,11
Bosnia and Herzegovina,2019,30,1,1,17
Bosnia and Herzegovina,2020,5,0,0,4
Bosnia and Herzegovina,2021,4,0,0,3
Bosnia and Herzegovina,2022,7,1,1,5
Bosnia and Herzegovina,2023,8,0,0,8
Bosnia and Herzegovina,2024,18,0,2,16
Bosnia and Herzegovina,2025,18,0,0,16
Bosnia and Herzegovina,2026,4,0,0,4
Botswana,1997,0,0,0,0
Botswana,1998,1,0,0,0
Botswana,1999,0,0,0,0
Botswana,2000,0,0,0,0
Botswana,2001,0,0,0,0
Botswana,2002,0,0,0,0
Botswana,2003,0,0,0,0
Botswana,2004,2,0,0,1
Botswana,2005,1,0,0,0
Botswana,2006,0,0,0,0
Botswana,2007,1,0,0,1
Botswana,2008,1,1,1,1
Botswana,2009,1,0,1,0
Botswana,2010,1,0,0,1
Botswana,2011,1,0,0,1
Botswana,2012,0,0,0,0
Botswana,2013,1,0,0,0
Botswana,2014,1,0,0,1
Botswana,2015,1,0,0,1
Botswana,2016,2,1,1,2
Botswana,2017,2,0,0,1
Botswana,2018,3,2,2,3
Botswana,2019,1,0,0,1
Botswana,2020,12,7,7,11
Botswana,2021,6,1,1,4
Botswana,2022,7,4,4,7
Botswana,2023,13,7,7,12
Botswana,2024,3,2,2,3
Botswana,2025,6,4,4,6
Botswana,2026,2,2,2,2
Brazil,2018,10240,3682,7373,3811
Brazil,2019,8350,2578,5760,2662
Brazil,2020,7997,2955,5689,3427
Brazil,2021,8193,3280,6357,3688
Brazil,2022,9965,4395,7746,5134
Brazil,2023,10051,4462,8408,5050
Brazil,2024,9361,4092,7509,4750
Brazil,2025,10209,4241,7933,4939
Brazil,2026,1393,555,1094,667
British Indian Ocean Territory,2018,0,0,0,0
British Indian Ocean Territory,2019,0,0,0,0
British Indian Ocean Territory,2020,0,0,0,0
British Indian Ocean Territory,2021,0,0,0,0
Brunei,2020,0,0,0,0
Brunei,2021,0,0,0,0
Brunei,2023,0,0,0,0
Bulgaria,2018,3,0,0,0
Bulgaria,2019,6,0,0,4
Bulgaria,2020,11,0,0,6
Bulgaria,2021,5,0,0,3
Bulgaria,2022,2,0,0,1
Bulgaria,2023,0,0,0,0
Bulgaria,2024,3,0,0,3
Bulgaria,2025,2,1,1,2
Bulgaria,2026,0,0,0,0
Burkina Faso,1997,0,0,0,0
Burkina Faso,1998,1,4,4,1
Burkina Faso,1999,4,2,3,2
Burkina Faso,2000,3,0,1,1
Burkina Faso,2001,2,0,0,1
Burkina Faso,2002,5,106,106,5
Burkina Faso,2003,1,1,1,1
Burkina Faso,2004,3,3,13,1
Burkina Faso,2005,0,0,0,0
Burkina Faso,2006,6,1,16,1
Burkina Faso,2007,0,0,0,0
Burkina Faso,2008,6,0,14,0
Burkina Faso,2009,0,0,0,0
Burkina Faso,2010,0,0,1,0
Burkina Faso,2011,13,1,10,6
Burkina Faso,2012,13,6,32,6
Burkina Faso,2013,8,7,8,4
Burkina Faso,2014,22,5,36,9
Burkina Faso,2015,22,4,23,11
Burkina Faso,2016,41,41,81,18
Burkina Faso,2017,97,67,117,51
Burkina Faso,2018,233,177,303,132
Burkina Faso,2019,634,1348,2220,367
Burkina Faso,2020,666,1076,2299,362
Burkina Faso,2021,1339,762,2360,694
Burkina Faso,2022,1652,1418,4234,709
Burkina Faso,2023,1716,2398,8499,699
Burkina Faso,2024,1318,2353,7487,436
Burkina Faso,2025,1371,884,5274,199
Burkina Faso,2026,171,96,516,26
Burundi,1997,199,2219,4142,112
Burundi,1998,109,575,1238,58
Burundi,1999,161,815,1718,91
Burundi,2000,484,1587,3891,145
Burundi,2001,601,761,3917,237
Burundi,2002,434,736,2136,188
Burundi,2003,217,918,1630,137
Burundi,2004,75,237,513,27
Burundi,2005,71,425,587,47
Burundi,2006,106,52,174,51
Burundi,2007,28,11,63,11
Burundi,2008,77,26,197,30
Burundi,2009,67,41,72,48
Burundi,2010,95,126,153,69
Burundi,2011,25,62,112,11
Burundi,2012,13,19,31,8
Burundi,2013,10,16,18,6
Burundi,2014,55,11,73,35
Burundi,2015,970,544,1109,726
Burundi,2016,875,405,452,782
Burundi,2017,703,270,285,665
Burundi,2018,810,291,327,748
Burundi,2019,663,191,305,552
Burundi,2020,545,193,330,439
Burundi,2021,562,234,305,496
Burundi,2022,366,155,261,309
Burundi,2023,274,111,178,253
Burundi,2024,294,131,168,263
Burundi,2025,230,97,213,216
Burundi,2026,21,14,14,20
Cabo Verde,2020,4,0,0,2
Cabo Verde,2021,1,0,0,1
Cabo Verde,2022,3,0,0,0
Cabo Verde,2023,2,0,0,1
Cabo Verde,2024,1,0,0,0
Cabo Verde,2025,0,0,0,0
Cabo Verde,2026,0,0,0,0
Cambodia,2010,45,17,18,33
Cambodia,2011,49,8,34,21
Cambodia,2012,31,9,14,23
Cambodia,2013,39,7,9,31
Cambodia,2014,40,9,13,34
Cambodia,2015,7,4,6,5
Cambodia,2016,12,3,3,7
Cambodia,2017,11,2,2,11
Cambodia,2018,8,10,13,6
Cambodia,2019,18,5,5,15
Cambodia,2020,24,3,4,20
Cambodia,2021,10,2,2,9
Cambodia,2022,6,1,1,5
Cambodia,2023,1,0,0,1
Cambodia,2024,1,0,0,1
Cambodia,2025,17,0,0,2
Cambodia,2026,0,0,0,0
Cameroon,1997,13,0,6,2
Cameroon,1998,5,1,8,3
Cameroon,1999,1,0,1,0
Cameroon,2000,4,16,16,4
Cameroon,2001,2,4,4,2
Cameroon,2002,1,4,4,1
Cameroon,2003,4,3,4,2
Cameroon,2004,4,10,10,4
Cameroon,2005,16,5,50,3
Cameroon,2006,5,2,31,2
Cameroon,2007,18,25,71,6
Cameroon,2008,14,103,234,5
Cameroon,2009,14,18,19,9
Cameroon,2010,10,2,6,8
Cameroon,2011,11,8,17,6
Cameroon,2012,4,0,5,1
Cameroon,2013,25,14,32,10
Cameroon,2014,104,132,1366,29
Cameroon,2015,104,423,1439,54
Cameroon,2016,237,330,721,120
Cameroon,2017,341,420,739,198
Cameroon,2018,682,575,1664,370
Cameroon,2019,718,605,1302,453
Cameroon,2020,1172,808,1761,702
Cameroon,2021,1173,546,1566,566
Cameroon,2022,1609,720,1632,893
Cameroon,2023,2718,961,2145,1589
Cameroon,2024,3018,751,2314,1908
Cameroon,2025,3456,592,1826,2460
Cameroon,2026,469,92,228,356
Canada,2021,22,8,8,14
Canada,2022,11,0,0,10
Canada,2023,10,4,4,8
Canada,2024,5,0,0,4
Canada,2025,4,0,0,4
Canada,2026,1,7,7,1
Caribbean Netherlands,2018,0,0,0,0
Caribbean Netherlands,2019,0,0,0,0
Caribbean Netherlands,2020,0,0,0,0
Caribbean Netherlands,2021,0,0,0,0
Caribbean Netherlands,2022,0,0,0,0
Caribbean Netherlands,2023,0,0,0,0
Caribbean Netherlands,2024,0,0,0,0
Caribbean Netherlands,2025,0,0,0,0
Cayman Islands,2018,0,0,0,0
Cayman Islands,2019,0,0,0,0
Cayman Islands,2020,0,0,0,0
Cayman Islands,2021,0,0,0,0
Cayman Islands,2022,0,0,0,0
Cayman Islands,2024,0,0,0,0
Cayman Islands,2025,0,0,0,0
Central African Republic,1997,29,0,131,7
Central African Republic,1998,11,40,46,3
Central African Republic,1999,9,2,20,4
Central African Republic,2000,6,9,9,5
Central African Republic,2001,35,35,52,15
Central African Republic,2002,54,235,539,20
Central African Republic,2003,59,70,84,22
Central African Republic,2004,20,52,80,10
Central African Republic,2005,16,1,73,5
Central African Republic,2006,48,64,291,15
Central African Republic,2007,94,189,218,56
Central African Republic,2008,82,116,192,59
Central African Republic,2009,95,83,260,51
Central African Republic,2010,156,195,412,109
Central African Republic,2011,54,40,204,24
Central African Republic,2012,105,61,262,59
Central African Republic,2013,404,1224,2559,268
Central African Republic,2014,867,2397,3618,570
Central African Republic,2015,251,300,525,156
Central African Republic,2016,227,291,739,136
Central African Republic,2017,357,565,1832,175
Central African Republic,2018,469,512,1171,246
Central African Republic,2019,192,245,596,111
Central African Republic,2020,372,115,449,228
Central African Republic,2021,670,980,1716,439
Central African Republic,2022,276,554,967,156
Central African Republic,2023,317,159,618,158
Central African Republic,2024,395,468,758,245
Central African Republic,2025,624,653,1183,438
Central African Republic,2026,83,46,111,53
Chad,1997,12,109,207,9
Chad,1998,11,39,85,7
Chad,1999,10,26,180,1
Chad,2000,20,12,560,3
Chad,2001,10,7,133,5
Chad,2002,15,1,499,2
Chad,2003,17,1,155,5
Chad,2004,45,113,442,25
Chad,2005,30,204,515,16
Chad,2006,110,627,1905,42
Chad,2007,102,56,842,43
Chad,2008,72,64,272,9
Chad,2009,22,2,261,10
Chad,2010,8,0,109,3
Chad,2011,6,10,17,3
Chad,2012,7,1,3,5
Chad,2013,2,0,5,0
Chad,2014,10,12,50,7
Chad,2015,31,150,429,12
Chad,2016,13,12,45,7
Chad,2017,22,14,296,11
Chad,2018,56,41,259,23
Chad,2019,134,75,565,55
Chad,2020,118,113,727,49
Chad,2021,137,64,831,66
Chad,2022,133,92,751,63
Chad,2023,111,135,301,62
Chad,2024,120,122,561,71
Chad,2025,165,176,354,112
Chad,2026,35,25,48,23
Chile,2018,115,4,5,58
Chile,2019,220,12,44,129
Chile,2020,225,17,26,129
Chile,2021,243,11,20,131
Chile,2022,247,28,34,160
Chile,2023,206,20,33,117
Chile,2024,167,31,51,106
Chile,2025,158,12,13,105
Chile,2026,29,0,1,15
China,2018,787,34,42,763
China,2019,579,13,15,560
China,2020,298,9,9,277
China,2021,328,12,13,321
China,2022,213,6,6,206
China,2023,161,9,9,159
China,2024,209,9,11,206
China,2025,167,1,1,167
China,2026,18,0,0,18
Christmas Island,2021,0,0,0,0
Christmas Island,2022,0,0,0,0
Cocos (Keeling) Islands,2021,0,0,0,0
Colombia,2018,1839,1025,1501,1088
Colombia,2019,1808,988,1429,1050
Colombia,2020,1961,1283,1768,1184
Colombia,2021,2404,1526,2115,1559
Colombia,2022,2701,1714,2304,1743
Colombia,2023,2834,1544,2019,1882
Colombia,2024,2369,1190,1758,1507
Colombia,2025,2869,1368,2306,1525
Colombia,2026,311,170,310,170
Comoros,2020,8,2,2,6
Comoros,2021,7,0,0,5
Comoros,2022,12,2,2,7
Comoros,2023,12,1,1,9
Comoros,2024,10,2,3,5
Comoros,2025,11,1,3,5
Comoros,2026,0,0,0,0
Cook Islands,2021,0,0,0,0
Cook Islands,2024,0,0,0,0
Cook Islands,2025,0,0,0,0
Costa Rica,2018,3,2,2,3
Costa Rica,2019,25,9,10,16
Costa Rica,2020,18,8,9,11
Costa Rica,2021,13,3,4,7
Costa Rica,2022,13,1,2,11
Costa Rica,2023,8,1,3,5
Costa Rica,2024,28,9,15,14
Costa Rica,2025,16,5,5,13
Costa Rica,2026,0,0,0,0
Croatia,2018,12,0,0,4
Croatia,2019,24,3,3,18
Croatia,2020,11,0,0,11
Croatia,2021,8,0,0,7
Croatia,2022,0,0,0,0
Croatia,2023,1,0,0,1
Croatia,2024,16,0,0,15
Croatia,2025,11,0,0,10
Croatia,2026,0,0,0,0
Cuba,2018,0,0,0,0
Cuba,2019,8,2,2,8
Cuba,2020,71,3,3,62
Cuba,2021,91,0,1,87
Cuba,2022,79,0,2,72
Cuba,2023,66,6,6,62
Cuba,2024,40,3,3,40
Cuba,2025,47,5,5,47
Cuba,2026,4,7,7,4
Curacao,2018,0,0,0,0
Curacao,2019,0,0,0,0
Curacao,2020,1,0,0,0
Curacao,2021,0,0,0,0
Curacao,2022,1,0,0,0
Curacao,2023,0,0,0,0
Curacao,2024,0,0,0,0
Curacao,2025,0,0,0,0
Cyprus,2018,5,0,0,2
Cyprus,2019,10,1,1,8
Cyprus,2020,13,0,0,5
Cyprus,2021,17,0,0,5
Cyprus,2022,33,1,1,15
Cyprus,2023,38,0,0,24
Cyprus,2024,42,0,0,26
Cyprus,2025,37,1,1,24
Cyprus,2026,0,0,0,0
Czechia,2020,4,0,0,3
Czechia,2021,4,1,1,3
Czechia,2022,2,0,0,0
Czechia,2023,13,0,0,9
Czechia,2024,3,0,0,2
Czechia,2025,5,1,1,5
Czechia,2026,1,0,0,1
Democratic Republic Of Congo,1997,152,1238,2291,57
Democratic Republic Of Congo,1998,242,1749,3376,36
Democratic Republic Of Congo,1999,412,1751,7040,53
Democratic Republic Of Congo,2000,200,592,1680,37
Democratic Republic Of Congo,2001,258,1391,2379,86
Democratic Republic Of Congo,2002,278,1407,6077,81
Democratic Republic Of Congo,2003,264,910,3405,52
Democratic Republic Of Congo,2004,187,153,400,54
Democratic Republic Of Congo,2005,237,282,565,102
Democratic Republic Of Congo,2006,305,71,412,91
Democratic Republic Of Congo,2007,213,106,385,54
Democratic Republic Of Congo,2008,399,2028,2269,114
Democratic Republic Of Congo,2009,595,2075,5128,326
Democratic Republic Of Congo,2010,286,866,1458,207
Democratic Republic Of Congo,2011,631,200,625,356
Democratic Republic Of Congo,2012,749,639,1443,381
Democratic Republic Of Congo,2013,678,838,1972,295
Democratic Republic Of Congo,2014,763,600,1230,380
Democratic Republic Of Congo,2015,586,948,1791,265
Democratic Republic Of Congo,2016,646,702,1740,283
Democratic Republic Of Congo,2017,785,1671,3211,313
Democratic Republic Of Congo,2018,1491,1384,3225,794
Democratic Republic Of Congo,2019,1727,1768,3808,953
Democratic Republic Of Congo,2020,2702,2674,6173,1348
Democratic Republic Of Congo,2021,4248,3449,7704,2183
Democratic Republic Of Congo,2022,4421,4343,8074,2385
Democratic Republic Of Congo,2023,2719,3597,5505,1422
Democratic Republic Of Congo,2024,2311,3465,5910,1053
Democratic Republic Of Congo,2025,3429,3899,7323,1326
Democratic Republic Of Congo,2026,382,257,693,144
Denmark,2020,25,1,1,9
Denmark,2021,2,0,0,2
Denmark,2022,2,0,0,2
Denmark,2023,1,0,0,0
Denmark,2024,4,0,0,3
Denmark,2025,0,0,0,0
Denmark,2026,0,0,0,0
Djibouti,1997,1,0,0,0
Djibouti,1998,2,0,3,1
Djibouti,1999,3,2,14,1
Djibouti,2000,1,0,0,0
Djibouti,2001,0,0,0,0
Djibouti,2002,1,0,2,0
Djibouti,2003,0,0,0,0
Djibouti,2004,1,0,0,1
Djibouti,2005,0,0,0,0
Djibouti,2006,2,0,0,2
Djibouti,2007,1,0,0,1
Djibouti,2008,2,10,10,1
Djibouti,2009,6,0,4,1
Djibouti,2010,8,0,3,3
Djibouti,2011,2,3,3,2
Djibouti,2012,2,1,1,1
Djibouti,2013,4,0,6,4
Djibouti,2014,17,3,11,9
Djibouti,2015,6,0,27,5
Djibouti,2016,5,0,0,3
Djibouti,2017,3,0,0,3
Djibouti,2018,0,0,0,0
Djibouti,2019,9,4,4,7
Djibouti,2020,6,0,0,5
Djibouti,2021,12,1,5,6
Djibouti,2022,4,0,7,3
Djibouti,2023,9,4,17,2
Djibouti,2024,2,1,1,1
Djibouti,2026,4,0,0,1
Dominica,2018,0,0,0,0
Dominica,2019,1,1,1,1
Dominica,2020,0,0,0,0
Dominica,2021,1,0,0,1
Dominica,2022,0,0,0,0
Dominica,2023,1,0,0,0
Dominica,2024,0,0,0,0
Dominica,2025,0,0,0,0
Dominica,2026,0,0,0,0
Dominican Republic,2018,31,18,21,24
Dominican Republic,2019,18,14,18,15
Dominican Republic,2020,16,7,10,9
Dominican Republic,2021,7,3,3,3
Dominican Republic,2022,48,14,25,29
Dominican Republic,2023,28,10,14,20
Dominican Republic,2024,33,9,13,24
Dominican Republic,2025,23,15,27,17
Dominican Republic,2026,5,3,3,3
East Timor,2020,4,0,0,2
East Timor,2021,3,2,2,2
East Timor,2022,3,2,2,2
East Timor,2023,3,0,0,3
East Timor,2024,1,0,0,1
East Timor,2025,1,0,0,1
East Timor,2026,0,0,0,0
Ecuador,2018,13,7,14,7
Ecuador,2019,32,5,11,13
Ecuador,2020,44,4,19,20
Ecuador,2021,29,3,5,19
Ecuador,2022,86,36,42,71
Ecuador,2023,2582,2163,2808,1948
Ecuador,2024,2559,2263,2880,1957
Ecuador,2025,3308,3151,4051,2594
Ecuador,2026,465,476,574,361
Egypt,1997,32,110,171,13
Egypt,1998,10,10,27,4
Egypt,1999,5,2,8,2
Egypt,2000,25,6,77,6
Egypt,2001,6,0,4,3
Egypt,2002,5,1,24,2
Egypt,2003,0,0,0,0
Egypt,2004,1,28,28,1
Egypt,2005,14,102,104,11
Egypt,2006,2,24,24,1
Egypt,2007,2,0,0,1
Egypt,2008,38,21,27,21
Egypt,2009,26,13,17,18
Egypt,2010,56,62,70,50
Egypt,2011,227,173,1255,115
Egypt,2012,126,25,244,45
Egypt,2013,822,663,2479,216
Egypt,2014,728,121,1347,174
Egypt,2015,830,498,2840,255
Egypt,2016,471,159,1721,138
Egypt,2017,435,511,1544,83
Egypt,2018,386,62,1114,59
Egypt,2019,537,114,1003,117
Egypt,2020,515,88,626,102
Egypt,2021,266,51,264,66
Egypt,2022,194,35,274,56
Egypt,2023,23,19,28,21
Egypt,2024,29,17,18,28
Egypt,2025,47,33,53,29
Egypt,2026,11,4,4,9
El Salvador,2018,775,521,962,417
El Salvador,2019,783,505,895,448
El Salvador,2020,385,251,390,243
El Salvador,2021,461,272,436,292
El Salvador,2022,297,151,285,146
El Salvador,2023,70,23,58,32
El Salvador,2024,25,12,21,13
El Salvador,2025,19,8,10,10
El Salvador,2026,3,1,2,2
Equatorial Guinea,1997,3,0,0,3
Equatorial Guinea,1998,2,6,6,1
Equatorial Guinea,1999,0,0,0,0
Equatorial Guinea,2000,1,0,0,1
Equatorial Guinea,2001,1,0,0,1
Equatorial Guinea,2002,1,0,0,1
Equatorial Guinea,2003,1,1,1,1
Equatorial Guinea,2004,2,0,12,1
Equatorial Guinea,2005,0,0,0,0
Equatorial Guinea,2006,1,0,0,1
Equatorial Guinea,2007,2,0,0,2
Equatorial Guinea,2008,1,1,3,1
Equatorial Guinea,2009,5,1,3,1
Equatorial Guinea,2010,1,7,7,1
Equatorial Guinea,2011,0,0,0,0
Equatorial Guinea,2012,1,0,1,0
Equatorial Guinea,2013,0,0,0,0
Equatorial Guinea,2014,1,0,0,1
Equatorial Guinea,2015,1,0,0,1
Equatorial Guinea,2016,3,0,0,3
Equatorial Guinea,2017,6,5,5,6
Equatorial Guinea,2018,6,2,4,4
Equatorial Guinea,2019,2,1,1,2
Equatorial Guinea,2020,3,0,0,3
Equatorial Guinea,2021,1,1,1,1
Equatorial Guinea,2022,1,0,4,0
Equatorial Guinea,2023,0,0,0,0
Equatorial Guinea,2024,0,0,0,0
Equatorial Guinea,2026,0,0,0,0
Eritrea,1997,2,0,100,0
Eritrea,1998,23,98,1298,16
Eritrea,1999,139,4651,52057,26
Eritrea,2000,63,19,193,8
Eritrea,2001,4,1,6,1
Eritrea,2002,1,1,1,1
Eritrea,2003,7,24,24,7
Eritrea,2004,5,56,56,5
Eritrea,2005,2,161,165,1
Eritrea,2006,3,2,2,3
Eritrea,2007,4,1,5,2
Eritrea,2008,16,175,250,5
Eritrea,2009,7,9,9,7
Eritrea,2010,3,0,70,0
Eritrea,2011,4,0,9,0
Eritrea,2012,4,0,0,1
Eritrea,2013,4,38,118,2
Eritrea,2014,1,10,10,1
Eritrea,2015,5,0,3,0
Eritrea,2016,6,2,37,2
Eritrea,2017,1,1,1,1
Eritrea,2018,2,1,1,2
Eritrea,2019,0,0,0,0
Eritrea,2020,6,1,1,2
Eritrea,2021,2,0,0,2
Eritrea,2022,4,0,0,1
Eritrea,2023,1,0,1,0
Eritrea,2024,3,0,0,1
Eritrea,2025,1,1,1,1
Estonia,2020,0,0,0,0
Estonia,2021,1,1,1,1
Estonia,2022,0,0,0,0
Estonia,2023,0,0,0,0
Estonia,2024,0,0,0,0
Estonia,2025,1,0,0,1
Estonia,2026,0,0,0,0
Eswatini,1997,1,0,0,1
Eswatini,1998,4,2,2,4
Eswatini,1999,2,0,0,2
Eswatini,2000,2,1,1,2
Eswatini,2001,1,1,1,1
Eswatini,2002,0,0,0,0
Eswatini,2003,3,1,1,2
Eswatini,2004,0,0,0,0
Eswatini,2005,3,0,0,3
Eswatini,2006,2,0,0,2
Eswatini,2007,0,0,0,0
Eswatini,2008,3,2,2,3
Eswatini,2009,1,0,0,1
Eswatini,2010,4,1,1,4
Eswatini,2011,3,3,3,3
Eswatini,2012,10,2,2,8
Eswatini,2013,6,0,0,4
Eswatini,2014,1,0,0,0
Eswatini,2015,5,3,3,5
Eswatini,2016,1,0,0,1
Eswatini,2017,0,0,0,0
Eswatini,2018,5,0,0,5
Eswatini,2019,6,3,3,6
Eswatini,2020,22,4,6,21
Eswatini,2021,65,23,46,50
Eswatini,2022,120,21,33,70
Eswatini,2023,48,31,32,42
Eswatini,2024,17,10,10,16
Eswatini,2025,7,2,2,7
Eswatini,2026,0,0,0,0
Ethiopia,1997,20,31,84,15
Ethiopia,1998,53,131,958,26
Ethiopia,1999,73,995,18839,19
Ethiopia,2000,135,20,1413,5
Ethiopia,2001,42,46,890,10
Ethiopia,2002,220,438,4197,42
Ethiopia,2003,115,135,800,18
Ethiopia,2004,113,84,1001,13
Ethiopia,2005,95,153,1283,25
Ethiopia,2006,53,11,366,21
Ethiopia,2007,39,131,1423,7
Ethiopia,2008,111,35,639,27
Ethiopia,2009,95,25,1862,14
Ethiopia,2010,176,115,1588,54
Ethiopia,2011,78,152,655,18
Ethiopia,2012,119,216,885,39
Ethiopia,2013,111,133,582,25
Ethiopia,2014,59,82,335,26
Ethiopia,2015,191,219,811,122
Ethiopia,2016,551,1250,2515,377
Ethiopia,2017,309,411,1355,145
Ethiopia,2018,483,697,1579,327
Ethiopia,2019,133,340,670,72
Ethiopia,2020,622,2546,4364,257
Ethiopia,2021,1567,3597,8546,461
Ethiopia,2022,1279,2941,6440,519
Ethiopia,2023,1397,1372,3750,555
Ethiopia,2024,2575,2203,7551,792
Ethiopia,2025,2263,1332,6315,584
Ethiopia,2026,259,90,723,45
Falkland Islands,2018,0,0,0,0
Falkland Islands,2019,0,0,0,0
Falkland Islands,2020,0,0,0,0
Falkland Islands,2021,0,0,0,0
Falkland Islands,2025,0,0,0,0
Faroe Islands,2020,1,0,0,1
Faroe Islands,2021,0,0,0,0
Faroe Islands,2023,0,0,0,0
Faroe Islands,2024,0,0,0,0
Faroe Islands,2025,0,0,0,0
Fiji,2021,1,0,0,0
Fiji,2022,2,0,0,1
Fiji,2023,0,0,0,0
Fiji,2024,2,0,0,2
Fiji,2025,0,0,0,0
Fiji,2026,0,0,0,0
Finland,2020,9,1,1,4
Finland,2021,3,1,1,2
Finland,2022,2,0,0,0
Finland,2023,1,0,0,1
Finland,2024,3,0,0,3
Finland,2025,0,0,0,0
Finland,2026,0,0,0,0
France,2020,137,8,8,33
France,2021,129,1,4,48
France,2022,143,14,14,61
France,2023,71,5,5,44
France,2024,62,9,11,46
France,2025,95,10,10,53
France,2026,19,3,4,9
French Guiana,2018,4,0,0,3
French Guiana,2019,0,0,0,0
French Guiana,2020,2,0,0,0
French Guiana,2021,1,0,0,0
French Guiana,2022,0,0,0,0
French Guiana,2023,3,1,2,1
French Guiana,2024,1,1,1,1
French Guiana,2025,0,0,0,0
French Guiana,2026,0,0,0,0
French Polynesia,2021,2,0,0,0
French Polynesia,2022,0,0,0,0
French Polynesia,2023,2,0,0,0
French Polynesia,2024,1,0,0,1
French Polynesia,2025,0,0,0,0
French Polynesia,2026,0,0,0,0
French Southern And Antarctic Lands,2021,0,0,0,0
Gabon,1997,1,0,4,0
Gabon,1998,0,0,0,0
Gabon,1999,2,2,4,1
Gabon,2000,0,0,0,0
Gabon,2001,1,0,0,1
Gabon,2002,1,0,0,1
Gabon,2003,0,0,0,0
Gabon,2004,1,2,8,1
Gabon,2005,0,0,0,0
Gabon,2006,2,1,1,2
Gabon,2007,0,0,0,0
Gabon,2008,2,0,0,2
Gabon,2009,1,0,0,1
Gabon,2010,0,0,0,0
Gabon,2011,1,0,0,0
Gabon,2012,2,0,0,2
Gabon,2013,2,0,0,1
Gabon,2014,1,0,2,0
Gabon,2015,3,0,0,2
Gabon,2016,5,3,7,3
Gabon,2017,3,0,0,3
Gabon,2018,4,0,0,2
Gabon,2019,4,1,6,2
Gabon,2020,5,1,4,3
Gabon,2021,8,1,4,5
Gabon,2022,5,0,0,4
Gabon,2023,10,1,2,8
Gabon,2024,9,1,1,7
Gabon,2025,6,1,1,3
Gabon,2026,1,0,0,1
Gambia,1997,3,0,1,1
Gambia,1998,0,0,0,0
Gambia,1999,1,0,0,0
Gambia,2000,6,1,18,4
Gambia,2001,12,4,7,9
Gambia,2002,9,1,1,9
Gambia,2003,10,0,0,8
Gambia,2004,3,1,1,3
Gambia,2005,3,57,57,3
Gambia,2006,4,0,0,3
Gambia,2007,1,15,15,1
Gambia,2008,3,0,0,2
Gambia,2009,4,18,18,3
Gambia,2010,2,0,0,1
Gambia,2011,1,0,0,1
Gambia,2012,5,8,8,5
Gambia,2013,0,0,0,0
Gambia,2014,4,3,3,4
Gambia,2015,6,0,0,5
Gambia,2016,5,4,4,4
Gambia,2017,12,4,6,4
Gambia,2018,5,0,3,1
Gambia,2019,6,1,2,3
Gambia,2020,14,0,3,9
Gambia,2021,14,1,1,7
Gambia,2022,6,1,4,3
Gambia,2023,6,2,2,3
Gambia,2024,5,1,1,4
Gambia,2025,5,0,0,3
Gambia,2026,1,0,0,1
Georgia,2018,41,3,3,33
Georgia,2019,27,2,3,16
Georgia,2020,47,0,1,27
Georgia,2021,29,0,0,15
Georgia,2022,13,0,0,12
Georgia,2023,11,2,2,9
Georgia,2024,30,1,1,25
Georgia,2025,23,0,0,21
Georgia,2026,0,0,0,0
Germany,2020,118,13,14,76
Germany,2021,57,9,9,41
Germany,2022,18,1,1,17
Germany,2023,52,8,8,44
Germany,2024,66,16,17,56
Germany,2025,71,7,7,62
Germany,2026,8,0,0,7
Ghana,1997,4,2,5,1
Ghana,1998,1,0,4,0
Ghana,1999,0,0,0,0
Ghana,2000,8,2,34,3
Ghana,2001,7,126,144,5
Ghana,2002,7,0,38,1
Ghana,2003,11,3,7,8
Ghana,2004,6,2,3,5
Ghana,2005,3,2,2,2
Ghana,2006,3,0,3,2
Ghana,2007,5,5,11,1
Ghana,2008,11,8,29,5
Ghana,2009,17,8,21,12
Ghana,2010,8,3,6,4
Ghana,2011,5,1,5,2
Ghana,2012,27,6,20,15
Ghana,2013,32,15,23,20
Ghana,2014,21,5,14,13
Ghana,2015,40,10,32,22
Ghana,2016,39,9,42,20
Ghana,2017,42,48,89,24
Ghana,2018,53,16,23,23
Ghana,2019,77,22,43,38
Ghana,2020,176,46,69,103
Ghana,2021,101,34,51,66
Ghana,2022,175,79,120,118
Ghana,2023,244,127,177,156
Ghana,2024,286,79,148,174
Ghana,2025,250,136,263,133
Ghana,2026,28,7,11,14
Gibraltar,2020,0,0,0,0
Gibraltar,2021,0,0,0,0
Gibraltar,2022,0,0,0,0
Gibraltar,2023,0,0,0,0
Gibraltar,2025,0,0,0,0
Greece,2018,84,8,10,28
Greece,2019,212,4,7,64
Greece,2020,107,3,6,33
Greece,2021,111,6,7,42
Greece,2022,116,9,10,47
Greece,2023,128,6,6,60
Greece,2024,93,2,2,46
Greece,2025,100,5,6,58
Greece,2026,9,0,0,3
Greenland,2020,0,0,0,0
Greenland,2021,0,0,0,0
Greenland,2022,0,0,0,0
Greenland,2023,0,0,0,0
Greenland,2024,0,0,0,0
Greenland,2025,0,0,0,0
Greenland,2026,0,0,0,0
Grenada,2018,0,0,0,0
Grenada,2019,0,0,0,0
Grenada,2020,0,0,0,0
Grenada,2021,0,0,0,0
Grenada,2023,0,0,0,0
Grenada,2025,0,0,0,0
Guadeloupe,2018,3,1,1,2
Guadeloupe,2019,0,0,0,0
Guadeloupe,2020,3,1,1,1
Guadeloupe,2021,2,0,0,0
Guadeloupe,2022,1,0,0,1
Guadeloupe,2023,2,0,0,1
Guadeloupe,2024,9,0,0,0
Guadeloupe,2025,0,0,0,0
Guadeloupe,2026,0,0,0,0
Guam,2021,0,0,0,0
Guam,2022,0,0,0,0
Guam,2023,0,0,0,0
Guam,2024,0,0,0,0
Guam,2025,0,0,0,0
Guam,2026,0,0,0,0
Guatemala,2018,881,308,800,367
Guatemala,2019,1170,520,1115,577
Guatemala,2020,685,285,573,340
Guatemala,2021,678,282,673,295
Guatemala,2022,807,432,744,457
Guatemala,2023,920,708,850,757
Guatemala,2024,243,247,285,195
Guatemala,2025,482,343,509,339
Guatemala,2026,61,34,59,36
Guinea,1997,0,0,0,0
Guinea,1998,19,38,86,11
Guinea,1999,34,71,453,19
Guinea,2000,146,1078,1345,68
Guinea,2001,59,146,701,23
Guinea,2002,11,0,14,9
Guinea,2003,1,0,2,0
Guinea,2004,4,3,5,3
Guinea,2005,8,4,9,2
Guinea,2006,6,14,14,6
Guinea,2007,13,60,66,12
Guinea,2008,10,2,6,2
Guinea,2009,25,161,169,19
Guinea,2010,18,3,32,7
Guinea,2011,5,1,6,2
Guinea,2012,18,8,19,11
Guinea,2013,37,1,131,10
Guinea,2014,18,11,13,9
Guinea,2015,29,8,34,12
Guinea,2016,20,3,4,11
Guinea,2017,15,6,47,7
Guinea,2018,43,18,40,26
Guinea,2019,42,20,46,28
Guinea,2020,148,29,146,71
Guinea,2021,72,13,28,28
Guinea,2022,58,13,40,29
Guinea,2023,91,20,72,48
Guinea,2024,98,25,64,51
Guinea,2025,78,15,36,38
Guinea,2026,6,0,1,2
Guinea-Bissau,1997,0,0,0,0
Guinea-Bissau,1998,64,0,567,1
Guinea-Bissau,1999,14,1,229,2
Guinea-Bissau,2000,7,7,14,3
Guinea-Bissau,2001,2,0,13,0
Guinea-Bissau,2002,1,0,0,1
Guinea-Bissau,2003,3,1,3,1
Guinea-Bissau,2004,2,0,7,0
Guinea-Bissau,2005,1,0,5,0
Guinea-Bissau,2006,17,11,61,2
Guinea-Bissau,2007,0,0,2,0
Guinea-Bissau,2008,2,0,5,0
Guinea-Bissau,2009,8,5,6,7
Guinea-Bissau,2010,2,0,0,2
Guinea-Bissau,2011,1,0,1,0
Guinea-Bissau,2012,7,2,9,5
Guinea-Bissau,2013,3,3,3,2
Guinea-Bissau,2014,3,22,22,3
Guinea-Bissau,2015,1,1,1,1
Guinea-Bissau,2016,0,0,0,0
Guinea-Bissau,2017,4,0,0,3
Guinea-Bissau,2018,0,0,0,0
Guinea-Bissau,2019,1,1,1,1
Guinea-Bissau,2020,7,1,8,4
Guinea-Bissau,2021,6,0,0,3
Guinea-Bissau,2022,13,0,12,11
Guinea-Bissau,2023,10,3,5,8
Guinea-Bissau,2024,6,9,9,6
Guinea-Bissau,2025,4,1,1,4
Guinea-Bissau,2026,2,0,0,2
Guyana,2018,7,1,1,4
Guyana,2019,3,2,2,3
Guyana,2020,20,3,6,13
Guyana,2021,6,1,1,5
Guyana,2022,9,0,0,6
Guyana,2023,13,1,1,8
Guyana,2024,6,2,2,6
Guyana,2025,10,4,10,5
Guyana,2026,0,0,0,0
Haiti,2018,192,160,295,111
Haiti,2019,350,207,488,199
Haiti,2020,560,360,717,360
Haiti,2021,665,257,820,424
Haiti,2022,914,669,1637,519
Haiti,2023,1227,1008,2518,675
Haiti,2024,1244,1354,3051,577
Haiti,2025,1203,1038,2778,549
Haiti,2026,84,30,209,32
Heard Island and McDonald Islands,2021,0,0,0,0
Honduras,2018,695,710,793,601
Honduras,2019,833,798,1016,685
Honduras,2020,660,627,727,535
Honduras,2021,626,629,710,548
Honduras,2022,610,575,695,520
Honduras,2023,535,546,655,452
Honduras,2024,435,416,493,367
Honduras,2025,502,480,561,426
Honduras,2026,76,59,72,62
Hungary,2020,2,0,0,2
Hungary,2021,9,0,0,9
Hungary,2022,3,0,0,2
Hungary,2023,14,0,0,12
Hungary,2024,2,0,0,2
Hungary,2025,8,1,1,8
Hungary,2026,5,0,0,5
Iceland,2020,1,3,3,1
Iceland,2021,2,0,0,2
Iceland,2022,0,0,0,0
Iceland,2023,1,0,0,1
Iceland,2024,1,0,0,1
Iceland,2025,0,0,0,0
Iceland,2026,0,0,0,0
India,2016,2712,436,1653,1007
India,2017,2767,391,1397,1094
India,2018,4296,704,2119,1691
India,2019,5364,761,1505,2542
India,2020,3266,467,1323,1289
India,2021,2123,445,1018,1040
India,2022,2320,475,884,1258
India,2023,3360,673,1197,1930
India,2024,3608,628,1204,2118
India,2025,2951,507,1161,1701
India,2026,349,55,115,218
Indonesia,2015,161,50,103,92
Indonesia,2016,97,18,52,67
Indonesia,2017,96,20,53,69
Indonesia,2018,172,97,174,86
Indonesia,2019,242,80,202,129
Indonesia,2020,281,67,134,145
Indonesia,2021,316,56,138,114
Indonesia,2022,232,82,266,129
Indonesia,2023,339,113,218,175
Indonesia,2024,480,90,163,239
Indonesia,2025,622,118,255,355
Indonesia,2026,89,17,25,67
"Iran, Islamic Republic of",2016,98,22,264,30
"Iran, Islamic Republic of",2017,92,34,175,44
"Iran, Islamic Republic of",2018,134,75,246,75
"Iran, Islamic Republic of",2019,90,11,466,36
"Iran, Islamic Republic of",2020,208,290,400,129
"Iran, Islamic Republic of",2021,206,93,188,123
"Iran, Islamic Republic of",2022,304,226,717,252
"Iran, Islamic Republic of",2023,204,96,198,111
"Iran, Islamic Republic of",2024,162,180,354,63
"Iran, Islamic Republic of",2025,619,330,1281,147
"Iran, Islamic Republic of",2026,225,4970,27671,206
Iraq,2016,9761,10630,56032,1977
Iraq,2017,4873,7371,31913,1212
Iraq,2018,2945,776,5245,648
Iraq,2019,2323,520,3494,439
Iraq,2020,3457,509,2680,717
Iraq,2021,4872,519,2589,805
Iraq,2022,5878,463,2095,683
Iraq,2023,4861,387,1393,544
Iraq,2024,6975,270,1033,412
Iraq,2025,2572,190,574,333
Iraq,2026,83,23,48,47
Ireland,2020,12,0,0,11
Ireland,2021,1,0,0,1
Ireland,2022,2,0,0,2
Ireland,2023,4,0,0,3
Ireland,2024,3,0,0,3
Ireland,2025,2,0,0,2
Ireland,2026,0,0,0,0
Isle of Man,2020,0,0,0,0
Isle of Man,2021,0,0,0,0
Isle of Man,2022,0,0,0,0
Isle of Man,2024,0,0,0,0
Isle of Man,2025,0,0,0,0
Israel,2016,47,13,16,19
Israel,2017,73,5,11,28
Israel,2018,302,4,7,37
Israel,2019,250,10,11,49
Israel,2020,236,1,1,44
Israel,2021,385,17,25,150
Israel,2022,147,28,31,96
Israel,2023,1195,869,1772,221
Israel,2024,3317,56,99,168
Israel,2025,204,48,50,60
Israel,2026,14,2,3,6
Italy,2020,120,0,0,64
Italy,2021,95,1,1,62
Italy,2022,54,0,1,30
Italy,2023,50,0,0,17
Italy,2024,86,0,0,24
Italy,2025,53,0,0,22
Italy,2026,3,0,0,0
Ivory Coast,1997,6,17,18,5
Ivory Coast,1998,8,14,14,7
Ivory Coast,1999,19,3,5,12
Ivory Coast,2000,70,78,260,38
Ivory Coast,2001,21,0,17,7
Ivory Coast,2002,120,231,300,29
Ivory Coast,2003,132,724,1201,55
Ivory Coast,2004,63,412,494,33
Ivory Coast,2005,36,165,226,20
Ivory Coast,2006,15,37,56,7
Ivory Coast,2007,4,0,5,1
Ivory Coast,2008,14,13,28,7
Ivory Coast,2009,2,1,4,1
Ivory Coast,2010,52,79,96,32
Ivory Coast,2011,211,679,817,107
Ivory Coast,2012,62,44,118,30
Ivory Coast,2013,63,19,79,24
Ivory Coast,2014,50,3,33,20
Ivory Coast,2015,23,3,24,7
Ivory Coast,2016,28,4,89,5
Ivory Coast,2017,36,9,43,9
Ivory Coast,2018,38,5,16,14
Ivory Coast,2019,74,14,46,27
Ivory Coast,2020,164,30,151,47
Ivory Coast,2021,109,16,46,40
Ivory Coast,2022,73,14,48,34
Ivory Coast,2023,72,16,27,42
Ivory Coast,2024,79,12,20,48
Ivory Coast,2025,93,14,38,39
Ivory Coast,2026,3,0,1,0
Jamaica,2018,192,151,224,131
Jamaica,2019,255,242,281,199
Jamaica,2020,257,188,265,165
Jamaica,2021,282,240,302,214
Jamaica,2022,380,295,388,281
Jamaica,2023,427,323,423,318
Jamaica,2024,346,225,347,229
Jamaica,2025,279,123,290,139
Jamaica,2026,41,17,43,16
Japan,2018,0,0,0,0
Japan,2019,1,0,0,1
Japan,2020,0,0,0,0
Japan,2021,0,0,0,0
Japan,2022,1,1,1,1
Japan,2023,2,0,0,1
Japan,2024,0,0,0,0
Japan,2025,0,0,0,0
Japan,2026,0,0,0,0
Jordan,2016,19,4,65,4
Jordan,2017,18,28,35,9
Jordan,2018,95,2,20,7
Jordan,2019,56,4,25,9
Jordan,2020,49,0,11,2
Jordan,2021,28,0,9,3
Jordan,2022,36,0,14,3
Jordan,2023,24,1,7,1
Jordan,2024,8,0,3,0
Jordan,2025,9,2,9,3
Jordan,2026,2,0,1,0
Kazakhstan,2018,14,1,3,11
Kazakhstan,2019,39,6,7,30
Kazakhstan,2020,39,1,21,23
Kazakhstan,2021,55,3,3,51
Kazakhstan,2022,149,41,226,146
Kazakhstan,2023,67,4,4,67
Kazakhstan,2024,66,6,6,65
Kazakhstan,2025,72,5,5,70
Kazakhstan,2026,8,2,2,7
Kenya,1997,106,309,489,56
Kenya,1998,96,508,615,60
Kenya,1999,134,139,339,55
Kenya,2000,146,312,449,81
Kenya,2001,149,269,639,46
Kenya,2002,168,314,426,99
Kenya,2003,92,76,173,53
Kenya,2004,70,126,184,48
Kenya,2005,118,204,353,72
Kenya,2006,97,120,304,62
Kenya,2007,270,314,963,144
Kenya,2008,271,617,1156,164
Kenya,2009,96,64,185,47
Kenya,2010,99,84,219,59
Kenya,2011,105,133,210,62
Kenya,2012,249,342,518,159
Kenya,2013,376,496,770,264
Kenya,2014,249,355,611,155
Kenya,2015,147,321,505,87
Kenya,2016,139,88,227,67
Kenya,2017,483,351,747,273
Kenya,2018,371,228,457,209
Kenya,2019,258,210,340,177
Kenya,2020,319,169,356,202
Kenya,2021,388,248,484,241
Kenya,2022,993,457,687,682
Kenya,2023,1107,560,1012,739
Kenya,2024,1085,402,782,663
Kenya,2025,1369,605,976,937
Kenya,2026,193,94,150,132
Kiribati,2021,0,0,0,0
"Korea, Democratic People's Republic of",2018,3,0,0,3
"Korea, Democratic People's Republic of",2019,6,11,12,5
"Korea, Democratic People's Republic of",2020,4,11,11,3
"Korea, Democratic People's Republic of",2021,21,13,13,21
"Korea, Democratic People's Republic of",2022,18,34,34,16
"Korea, Democratic People's Republic of",2023,7,7,12,5
"Korea, Democratic People's Republic of",2024,1,30,30,1
"Korea, Democratic People's Republic of",2025,1,1,1,1
"Korea, Republic of",2018,2,0,0,0
"Korea, Republic of",2019,9,0,0,2
"Korea, Republic of",2020,12,0,0,7
"Korea, Republic of",2021,3,0,0,1
"Korea, Republic of",2022,4,0,0,1
"Korea, Republic of",2023,0,0,0,0
"Korea, Republic of",2024,6,0,0,4
"Korea, Republic of",2025,3,0,0,1
"Korea, Republic of",2026,0,0,0,0
Kosovo,2018,21,4,4,18
Kosovo,2019,20,0,0,15
Kosovo,2020,7,0,0,6
Kosovo,2021,14,0,0,11
Kosovo,2022,23,0,0,18
Kosovo,2023,31,0,5,21
Kosovo,2024,30,0,0,18
Kosovo,2025,11,1,1,10
Kosovo,2026,0,0,0,0
Kuwait,2016,2,0,0,1
Kuwait,2017,0,0,0,0
Kuwait,2018,0,0,0,0
Kuwait,2019,0,0,0,0
Kuwait,2020,2,0,1,0
Kuwait,2021,0,0,0,0
Kuwait,2022,0,0,0,0
Kuwait,2023,0,0,0,0
Kuwait,2024,0,0,0,0
Kyrgyzstan,2018,37,4,4,28
Kyrgyzstan,2019,50,0,8,29
Kyrgyzstan,2020,49,1,2,36
Kyrgyzstan,2021,76,1,32,57
Kyrgyzstan,2022,62,3,68,33
Kyrgyzstan,2023,47,1,2,38
Kyrgyzstan,2024,36,1,1,33
Kyrgyzstan,2025,44,5,5,41
Kyrgyzstan,2026,5,1,1,5
Lao People's Democratic Republic,2010,0,0,0,0
Lao People's Democratic Republic,2011,2,4,4,2
Lao People's Democratic Republic,2012,3,0,11,2
Lao People's Democratic Republic,2013,1,0,0,1
Lao People's Democratic Republic,2014,0,0,0,0
Lao People's Democratic Republic,2015,8,2,5,1
Lao People's Democratic Republic,2016,8,5,9,6
Lao People's Democratic Republic,2017,5,3,4,4
Lao People's Democratic Republic,2018,1,0,0,1
Lao People's Democratic Republic,2019,2,1,1,2
Lao People's Democratic Republic,2020,2,1,2,1
Lao People's Democratic Republic,2021,1,0,1,0
Lao People's Democratic Republic,2022,0,0,0,0
Lao People's Democratic Republic,2023,2,0,0,2
Lao People's Democratic Republic,2024,0,0,0,0
Lao People's Democratic Republic,2025,2,0,5,0
Latvia,2020,1,0,0,1
Latvia,2021,0,0,0,0
Latvia,2022,0,0,0,0
Latvia,2023,0,0,0,0
Latvia,2024,1,1,1,1
Latvia,2025,3,3,3,3
Latvia,2026,0,0,0,0
Lebanon,2016,367,35,219,100
Lebanon,2017,242,25,385,58
Lebanon,2018,124,9,32,30
Lebanon,2019,114,5,22,45
Lebanon,2020,189,5,48,75
Lebanon,2021,254,7,42,66
Lebanon,2022,261,3,43,50
Lebanon,2023,2104,53,267,113
Lebanon,2024,13425,2132,4050,875
Lebanon,2025,2054,83,412,301
Lebanon,2026,378,6,52,27
Lesotho,1997,4,1,7,1
Lesotho,1998,24,50,96,8
Lesotho,1999,2,16,50,1
Lesotho,2000,0,0,0,0
Lesotho,2001,0,0,0,0
Lesotho,2002,2,9,9,2
Lesotho,2003,2,1,1,1
Lesotho,2004,1,0,0,1
Lesotho,2005,0,0,0,0
Lesotho,2006,3,2,2,3
Lesotho,2007,1,0,0,1
Lesotho,2008,0,0,0,0
Lesotho,2009,2,0,4,1
Lesotho,2010,1,1,1,1
Lesotho,2011,0,0,0,0
Lesotho,2012,15,6,8,14
Lesotho,2013,0,0,0,0
Lesotho,2014,3,0,1,0
Lesotho,2015,5,3,4,4
Lesotho,2016,5,4,4,5
Lesotho,2017,2,1,4,1
Lesotho,2018,0,0,0,0
Lesotho,2019,6,4,6,4
Lesotho,2020,11,6,6,10
Lesotho,2021,13,9,9,12
Lesotho,2022,15,13,14,13
Lesotho,2023,11,12,12,11
Lesotho,2024,8,3,3,8
Lesotho,2025,1,0,0,1
Liberia,1997,11,0,2,1
Liberia,1998,17,5,102,10
Liberia,1999,37,121,529,9
Liberia,2000,80,1,43,27
Liberia,2001,166,3,55,33
Liberia,2002,138,27,36,14
Liberia,2003,229,0,324,40
Liberia,2004,17,18,19,11
Liberia,2005,18,16,16,17
Liberia,2006,15,0,0,10
Liberia,2007,5,0,1,4
Liberia,2008,9,0,0,6
Liberia,2009,6,0,0,2
Liberia,2010,6,11,12,2
Liberia,2011,17,13,14,12
Liberia,2012,3,0,0,2
Liberia,2013,13,2,3,10
Liberia,2014,35,5,26,24
Liberia,2015,13,4,4,12
Liberia,2016,24,4,8,14
Liberia,2017,22,7,7,11
Liberia,2018,12,3,3,7
Liberia,2019,23,10,11,16
Liberia,2020,47,2,2,25
Liberia,2021,15,6,7,10
Liberia,2022,28,9,11,17
Liberia,2023,27,2,9,12
Liberia,2024,13,4,6,7
Liberia,2025,27,19,22,18
Liberia,2026,3,0,0,3
Libya,1997,2,9,9,2
Libya,1998,5,1,2,4
Libya,1999,0,0,0,0
Libya,2000,4,2,52,3
Libya,2001,0,0,0,0
Libya,2002,3,0,0,3
Libya,2003,2,0,0,2
Libya,2004,5,0,0,5
Libya,2005,2,1,1,2
Libya,2006,0,0,18,0
Libya,2007,1,0,0,1
Libya,2008,3,1,40,1
Libya,2009,2,10,10,2
Libya,2010,4,0,0,4
Libya,2011,612,2886,5532,98
Libya,2012,172,50,552,70
Libya,2013,366,173,443,149
Libya,2014,1333,587,3350,477
Libya,2015,1151,526,3081,314
Libya,2016,1011,462,3328,232
Libya,2017,801,339,1707,228
Libya,2018,599,286,1226,174
Libya,2019,1253,583,2294,291
Libya,2020,1155,377,1562,266
Libya,2021,107,43,115,51
Libya,2022,118,40,159,55
Libya,2023,75,17,95,32
Libya,2024,227,78,160,114
Libya,2025,359,80,282,162
Libya,2026,36,6,19,12
Liechtenstein,2020,0,0,0,0
Liechtenstein,2021,0,0,0,0
Liechtenstein,2022,0,0,0,0
Liechtenstein,2024,0,0,0,0
Lithuania,2020,0,0,0,0
Lithuania,2021,0,0,0,0
Lithuania,2022,0,0,0,0
Lithuania,2023,1,0,0,1
Lithuania,2024,2,1,1,2
Lithuania,2025,1,0,0,1
Lithuania,2026,0,0,0,0
Luxembourg,2020,0,0,0,0
Luxembourg,2021,0,0,0,0
Luxembourg,2022,0,0,0,0
Luxembourg,2023,0,0,0,0
Luxembourg,2024,0,0,0,0
Luxembourg,2025,0,0,0,0
Luxembourg,2026,0,0,0,0
Madagascar,1997,4,0,0,4
Madagascar,1998,0,0,0,0
Madagascar,1999,0,0,0,0
Madagascar,2000,2,1,1,1
Madagascar,2001,1,0,2,0
Madagascar,2002,29,31,38,15
Madagascar,2003,8,0,1,2
Madagascar,2004,18,1,1,17
Madagascar,2005,8,2,3,5
Madagascar,2006,7,1,1,4
Madagascar,2007,11,5,22,3
Madagascar,2008,1,0,2,0
Madagascar,2009,30,83,144,17
Madagascar,2010,9,2,3,5
Madagascar,2011,2,0,0,1
Madagascar,2012,45,17,233,23
Madagascar,2013,51,13,180,24
Madagascar,2014,72,30,465,31
Madagascar,2015,55,34,192,28
Madagascar,2016,56,51,177,21
Madagascar,2017,141,90,210,78
Madagascar,2018,78,51,142,44
Madagascar,2019,251,96,351,115
Madagascar,2020,235,93,358,105
Madagascar,2021,216,87,303,118
Madagascar,2022,225,132,364,115
Madagascar,2023,488,109,512,231
Madagascar,2024,476,113,471,231
Madagascar,2025,313,61,290,150
Madagascar,2026,24,6,16,15
Malawi,1997,0,0,0,0
Malawi,1998,3,0,0,3
Malawi,1999,1,0,0,1
Malawi,2000,8,2,4,8
Malawi,2001,15,7,8,11
Malawi,2002,8,1,1,7
Malawi,2003,7,0,0,5
Malawi,2004,2,1,2,2
Malawi,2005,2,0,0,2
Malawi,2006,2,0,0,1
Malawi,2007,3,1,1,2
Malawi,2008,4,3,3,4
Malawi,2009,3,0,0,3
Malawi,2010,2,0,0,2
Malawi,2011,16,1,20,4
Malawi,2012,4,0,0,2
Malawi,2013,7,2,2,6
Malawi,2014,16,8,11,13
Malawi,2015,20,9,12,12
Malawi,2016,23,23,23,17
Malawi,2017,28,18,19,24
Malawi,2018,29,15,16,20
Malawi,2019,29,22,27,23
Malawi,2020,113,58,60,88
Malawi,2021,101,44,44,76
Malawi,2022,86,37,40,59
Malawi,2023,93,51,53,74
Malawi,2024,75,48,50,61
Malawi,2025,82,38,42,58
Malawi,2026,8,4,4,6
Malaysia,2018,28,6,14,17
Malaysia,2019,32,11,15,23
Malaysia,2020,6,1,2,5
Malaysia,2021,16,6,13,12
Malaysia,2022,7,4,4,5
Malaysia,2023,1,0,0,1
Malaysia,2024,5,0,3,4
Malaysia,2025,9,4,6,7
Malaysia,2026,0,0,0,0
Maldives,2020,4,0,0,2
Maldives,2021,2,0,0,2
Maldives,2022,1,0,0,0
Maldives,2023,6,0,0,2
Maldives,2024,6,1,1,3
Maldives,2025,0,0,0,0
Mali,1997,3,0,3,2
Mali,1998,3,0,11,1
Mali,1999,10,9,120,2
Mali,2000,3,8,8,3
Mali,2001,4,2,15,2
Mali,2002,1,5,5,1
Mali,2003,3,13,26,1
Mali,2004,3,0,0,1
Mali,2005,1,0,15,0
Mali,2006,7,0,4,0
Mali,2007,9,0,18,2
Mali,2008,21,10,157,4
Mali,2009,9,10,74,3
Mali,2010,14,3,47,4
Mali,2011,19,19,57,9
Mali,2012,172,98,528,96
Mali,2013,236,195,908,73
Mali,2014,116,49,381,35
Mali,2015,155,74,434,35
Mali,2016,144,89,320,42
Mali,2017,415,252,946,147
Mali,2018,585,871,1739,299
Mali,2019,600,876,1873,322
Mali,2020,1006,962,2852,463
Mali,2021,1025,531,1909,526
Mali,2022,1360,2232,4858,668
Mali,2023,1592,1992,4329,865
Mali,2024,1488,1796,4023,751
Mali,2025,1594,1230,3943,624
Mali,2026,231,93,606,91
Malta,2020,6,0,0,1
Malta,2021,2,0,0,2
Malta,2022,1,0,0,1
Malta,2023,2,0,0,2
Malta,2024,0,0,0,0
Malta,2025,2,2,2,2
Malta,2026,0,0,0,0
Marshall Islands,2021,0,0,0,0
Marshall Islands,2023,0,0,0,0
Marshall Islands,2024,0,0,0,0
Martinique,2018,4,0,0,0
Martinique,2019,1,0,0,0
Martinique,2020,1,0,0,0
Martinique,2021,1,0,0,0
Martinique,2022,0,0,0,0
Martinique,2023,1,0,0,1
Martinique,2024,0,0,1,0
Martinique,2025,2,0,0,1
Martinique,2026,0,0,0,0
Mauritania,1997,1,0,3,0
Mauritania,1998,0,0,0,0
Mauritania,1999,2,0,0,1
Mauritania,2000,1,1,1,1
Mauritania,2001,0,0,0,0
Mauritania,2002,0,0,1,0
Mauritania,2003,6,8,26,3
Mauritania,2004,0,0,0,0
Mauritania,2005,5,0,26,2
Mauritania,2006,0,0,0,0
Mauritania,2007,3,4,9,1
Mauritania,2008,7,0,14,1
Mauritania,2009,7,1,2,5
Mauritania,2010,5,0,26,1
Mauritania,2011,8,1,18,1
Mauritania,2012,7,3,3,5
Mauritania,2013,9,0,0,5
Mauritania,2014,5,1,1,5
Mauritania,2015,6,1,1,3
Mauritania,2016,4,0,0,2
Mauritania,2017,7,0,2,6
Mauritania,2018,4,0,3,2
Mauritania,2019,4,3,3,4
Mauritania,2020,12,2,4,5
Mauritania,2021,5,0,1,3
Mauritania,2022,7,3,6,3
Mauritania,2023,9,2,9,5
Mauritania,2024,12,4,7,9
Mauritania,2025,15,0,0,8
Mauritania,2026,1,0,0,0
Mauritius,2020,17,2,2,10
Mauritius,2021,22,2,2,13
Mauritius,2022,31,3,3,26
Mauritius,2023,13,2,2,11
Mauritius,2024,30,2,2,21
Mauritius,2025,18,1,1,13
Mauritius,2026,6,0,0,3
Mayotte,2020,4,0,0,0
Mayotte,2021,7,1,1,5
Mayotte,2022,25,1,3,6
Mayotte,2023,26,0,0,4
Mayotte,2024,65,0,1,11
Mayotte,2025,24,0,0,3
Mayotte,2026,6,0,0,0
Mexico,2018,8105,7492,9595,6335
Mexico,2019,7811,7372,9243,6081
Mexico,2020,7263,6860,8392,5823
Mexico,2021,7365,6759,8264,6004
Mexico,2022,7128,6644,7837,5908
Mexico,2023,6700,5777,7275,5235
Mexico,2024,7594,6749,8350,6044
Mexico,2025,8107,6649,8196,6343
Mexico,2026,990,805,956,778
Micronesia,2021,0,0,0,0
"Moldova, Republic of",2018,5,0,0,5
"Moldova, Republic of",2019,13,0,0,11
"Moldova, Republic of",2020,4,0,0,4
"Moldova, Republic of",2021,13,0,0,7
"Moldova, Republic of",2022,14,0,0,7
"Moldova, Republic of",2023,8,1,1,7
"Moldova, Republic of",2024,5,0,0,1
"Moldova, Republic of",2025,7,0,0,6
"Moldova, Republic of",2026,3,0,0,2
Monaco,2020,0,0,0,0
Monaco,2021,0,0,0,0
Monaco,2022,0,0,0,0
Monaco,2023,0,0,0,0
Monaco,2024,0,0,0,0
Monaco,2025,0,0,0,0
Monaco,2026,0,0,0,0
Mongolia,2018,3,1,1,3
Mongolia,2019,0,0,0,0
Mongolia,2020,2,0,0,0
Mongolia,2021,1,0,0,1
Mongolia,2022,0,0,0,0
Mongolia,2023,0,0,0,0
Mongolia,2024,0,0,0,0
Mongolia,2025,0,0,0,0
Mongolia,2026,0,0,0,0
Montenegro,2018,21,2,2,9
Montenegro,2019,18,0,0,9
Montenegro,2020,3,0,0,1
Montenegro,2021,8,0,0,7
Montenegro,2022,4,0,0,2
Montenegro,2023,1,1,1,1
Montenegro,2024,3,0,0,2
Montenegro,2025,9,0,0,8
Montenegro,2026,0,0,0,0
Montserrat,2018,0,0,0,0
Montserrat,2019,0,0,0,0
Montserrat,2020,0,0,0,0
Montserrat,2021,0,0,0,0
Montserrat,2022,0,0,0,0
Morocco,1997,7,4,8,4
Morocco,1998,5,10,10,3
Morocco,1999,1,0,0,1
Morocco,2000,4,0,0,4
Morocco,2001,2,0,0,2
Morocco,2002,2,0,0,1
Morocco,2003,4,43,43,4
Morocco,2004,2,2,2,1
Morocco,2005,3,3,3,3
Morocco,2006,2,2,2,2
Morocco,2007,5,2,2,3
Morocco,2008,5,0,0,3
Morocco,2009,1,0,0,1
Morocco,2010,7,2,30,4
Morocco,2011,28,19,33,26
Morocco,2012,15,1,1,9
Morocco,2013,51,4,5,36
Morocco,2014,70,2,4,50
Morocco,2015,42,3,4,30
Morocco,2016,22,3,6,19
Morocco,2017,26,1,4,11
Morocco,2018,21,4,7,14
Morocco,2019,24,3,6,12
Morocco,2020,31,0,4,12
Morocco,2021,55,15,47,20
Morocco,2022,84,18,56,51
Morocco,2023,60,13,38,33
Morocco,2024,48,8,45,17
Morocco,2025,50,12,54,21
Morocco,2026,2,0,0,2
Mozambique,1997,3,0,0,3
Mozambique,1998,1,0,0,1
Mozambique,1999,1,0,0,1
Mozambique,2000,5,2,2,5
Mozambique,2001,0,0,0,0
Mozambique,2002,2,0,0,2
Mozambique,2003,14,0,0,13
Mozambique,2004,25,2,3,23
Mozambique,2005,8,0,12,7
Mozambique,2006,7,2,2,4
Mozambique,2007,8,0,0,4
Mozambique,2008,10,2,2,7
Mozambique,2009,30,0,4,26
Mozambique,2010,16,3,26,9
Mozambique,2011,8,4,4,5
Mozambique,2012,20,7,13,15
Mozambique,2013,69,27,144,40
Mozambique,2014,107,13,57,35
Mozambique,2015,22,4,48,5
Mozambique,2016,97,58,105,56
Mozambique,2017,87,83,129,69
Mozambique,2018,106,171,212,83
Mozambique,2019,304,378,680,252
Mozambique,2020,551,827,1773,398
Mozambique,2021,409,516,1830,189
Mozambique,2022,496,460,925,333
Mozambique,2023,231,96,309,132
Mozambique,2024,408,259,674,246
Mozambique,2025,425,344,696,260
Mozambique,2026,38,6,42,18
Myanmar,2010,149,69,268,66
Myanmar,2011,450,135,1433,138
Myanmar,2012,493,181,995,119
Myanmar,2013,519,113,471,112
Myanmar,2014,435,101,501,107
Myanmar,2015,822,173,1287,126
Myanmar,2016,788,301,613,205
Myanmar,2017,805,1090,1407,222
Myanmar,2018,798,101,261,192
Myanmar,2019,1265,196,1646,374
Myanmar,2020,1168,265,692,492
Myanmar,2021,7572,2542,11666,2773
Myanmar,2022,11329,3307,23477,3426
Myanmar,2023,12685,3425,21309,3570
Myanmar,2024,12777,4042,20069,3814
Myanmar,2025,11012,3402,15681,3670
Myanmar,2026,1417,331,1830,492
Namibia,1997,0,0,0,0
Namibia,1998,0,0,0,0
Namibia,1999,30,43,71,6
Namibia,2000,61,88,153,44
Namibia,2001,17,13,13,16
Namibia,2002,5,5,8,2
Namibia,2003,3,4,4,2
Namibia,2004,0,0,0,0
Namibia,2005,0,0,0,0
Namibia,2006,2,0,0,0
Namibia,2007,3,0,0,2
Namibia,2008,7,0,0,4
Namibia,2009,2,0,0,1
Namibia,2010,3,0,0,2
Namibia,2011,6,1,1,5
Namibia,2012,1,1,1,1
Namibia,2013,12,3,3,8
Namibia,2014,15,4,5,8
Namibia,2015,6,3,4,3
Namibia,2016,8,0,0,4
Namibia,2017,4,1,2,3
Namibia,2018,1,1,1,1
Namibia,2019,3,2,2,3
Namibia,2020,6,0,0,4
Namibia,2021,18,2,2,12
Namibia,2022,11,3,3,8
Namibia,2023,6,4,4,6
Namibia,2024,8,6,6,8
Namibia,2025,3,1,1,2
Namibia,2026,1,0,0,1
Nauru,2021,0,0,0,0
Nepal,2010,166,26,41,101
Nepal,2011,97,9,14,48
Nepal,2012,84,15,18,44
Nepal,2013,228,3,6,119
Nepal,2014,36,4,6,18
Nepal,2015,109,7,51,55
Nepal,2016,46,3,8,17
Nepal,2017,230,5,19,71
Nepal,2018,319,13,19,151
Nepal,2019,506,34,48,252
Nepal,2020,462,25,37,242
Nepal,2021,210,4,10,118
Nepal,2022,413,9,15,151
Nepal,2023,179,2,7,114
Nepal,2024,147,5,7,83
Nepal,2025,147,1,81,79
Nepal,2026,16,2,2,6
Netherlands,2020,28,1,1,15
Netherlands,2021,17,1,1,9
Netherlands,2022,11,0,0,3
Netherlands,2023,12,0,0,9
Netherlands,2024,11,1,1,8
Netherlands,2025,10,1,1,10
Netherlands,2026,0,0,0,0
New Caledonia,2021,1,0,0,0
New Caledonia,2022,0,0,0,0
New Caledonia,2023,0,0,0,0
New Caledonia,2024,3,0,19,1
New Caledonia,2025,0,0,0,0
New Caledonia,2026,0,0,0,0
New Zealand,2021,3,1,1,2
New Zealand,2022,0,0,0,0
New Zealand,2023,0,0,0,0
New Zealand,2024,0,0,0,0
New Zealand,2025,0,0,0,0
New Zealand,2026,0,0,0,0
Nicaragua,2018,198,222,356,196
Nicaragua,2019,80,28,29,72
Nicaragua,2020,62,28,28,58
Nicaragua,2021,46,29,35,42
Nicaragua,2022,13,3,7,12
Nicaragua,2023,15,11,13,10
Nicaragua,2024,15,8,16,9
Nicaragua,2025,10,6,8,8
Nicaragua,2026,2,0,0,2
Niger,1997,18,13,121,7
Niger,1998,33,151,169,4
Niger,1999,6,0,10,3
Niger,2000,1,0,0,1
Niger,2001,4,0,4,2
Niger,2002,38,73,76,4
Niger,2003,3,0,0,0
Niger,2004,15,0,12,3
Niger,2005,4,1,1,2
Niger,2006,2,0,0,2
Niger,2007,28,12,90,10
Niger,2008,22,4,94,8
Niger,2009,6,5,14,4
Niger,2010,7,1,21,4
Niger,2011,7,0,25,0
Niger,2012,7,8,15,5
Niger,2013,11,4,33,3
Niger,2014,11,0,38,3
Niger,2015,55,164,984,20
Niger,2016,60,29,367,7
Niger,2017,41,38,240,13
Niger,2018,112,152,506,67
Niger,2019,270,202,729,192
Niger,2020,432,420,1126,288
Niger,2021,328,765,1498,214
Niger,2022,578,391,1017,406
Niger,2023,442,418,1156,277
Niger,2024,455,406,1863,191
Niger,2025,549,822,1935,261
Niger,2026,75,104,273,29
Nigeria,1997,113,83,472,42
Nigeria,1998,101,898,1272,49
Nigeria,1999,153,463,1796,58
Nigeria,2000,142,195,3345,45
Nigeria,2001,108,322,2183,52
Nigeria,2002,139,283,1141,63
Nigeria,2003,183,423,956,87
Nigeria,2004,202,2204,2398,101
Nigeria,2005,114,51,105,54
Nigeria,2006,108,53,126,46
Nigeria,2007,184,152,308,123
Nigeria,2008,177,98,973,79
Nigeria,2009,163,1051,2217,70
Nigeria,2010,329,1444,1906,190
Nigeria,2011,283,1888,2472,180
Nigeria,2012,691,1948,2995,404
Nigeria,2013,739,2126,4686,396
Nigeria,2014,959,7006,11346,608
Nigeria,2015,955,6995,11109,560
Nigeria,2016,792,2214,4894,362
Nigeria,2017,952,2352,4941,487
Nigeria,2018,1402,3084,6159,784
Nigeria,2019,1634,2424,5943,867
Nigeria,2020,2854,2809,8483,1503
Nigeria,2021,3528,4117,10965,1918
Nigeria,2022,3730,4004,10942,2236
Nigeria,2023,3549,2982,8707,2075
Nigeria,2024,4400,3730,9897,2393
Nigeria,2025,5220,4791,12563,3148
Nigeria,2026,705,728,1640,416
Niue,2021,0,0,0,0
Norfolk Island,2021,0,0,0,0
North Macedonia,2018,2,0,1,1
North Macedonia,2019,4,0,0,4
North Macedonia,2020,4,0,0,4
North Macedonia,2021,2,0,0,1
North Macedonia,2022,1,0,0,1
North Macedonia,2023,6,0,0,6
North Macedonia,2024,7,0,0,7
North Macedonia,2025,4,0,0,4
North Macedonia,2026,0,0,0,0
Northern Mariana Islands,2021,0,0,0,0
Northern Mariana Islands,2023,0,0,0,0
Northern Mariana Islands,2024,0,0,0,0
Northern Mariana Islands,2025,0,0,0,0
Norway,2020,11,1,1,7
Norway,2021,3,0,0,1
Norway,2022,2,2,2,2
Norway,2023,2,0,0,1
Norway,2024,4,0,0,2
Norway,2025,2,1,1,2
Norway,2026,0,0,0,0
Oman,2016,0,0,0,0
Oman,2017,1,0,0,1
Oman,2018,1,0,0,1
Oman,2019,0,0,0,0
Oman,2020,0,0,0,0
Oman,2021,1,2,2,1
Oman,2023,0,0,0,0
Oman,2024,5,6,10,4
Pakistan,2010,1769,1698,8128,624
Pakistan,2011,1238,1153,4535,541
Pakistan,2012,2134,2063,6115,1013
Pakistan,2013,1720,1862,4472,821
Pakistan,2014,1697,1216,5415,633
Pakistan,2015,1529,912,4493,550
Pakistan,2016,966,612,2211,320
Pakistan,2017,787,553,1719,234
Pakistan,2018,978,558,1223,422
Pakistan,2019,1156,418,1148,545
Pakistan,2020,630,204,934,182
Pakistan,2021,971,353,1405,333
Pakistan,2022,1623,445,1845,748
Pakistan,2023,2011,820,2375,972
Pakistan,2024,2574,798,3087,1107
Pakistan,2025,3648,984,5280,1616
Pakistan,2026,492,168,810,248
Palau,2021,0,0,0,0
Palau,2025,0,0,0,0
Palestine,2016,735,46,164,216
Palestine,2017,856,21,116,225
Palestine,2018,3920,71,403,1497
Palestine,2019,3007,64,182,1061
Palestine,2020,2780,16,52,884
Palestine,2021,4203,212,393,1664
Palestine,2022,5501,54,225,1895
Palestine,2023,10929,19430,22909,4230
Palestine,2024,18493,20395,30409,6919
Palestine,2025,14892,14371,16886,7758
Palestine,2026,1617,145,312,698
Panama,2018,10,1,2,3
Panama,2019,12,2,2,8
Panama,2020,19,4,4,14
Panama,2021,12,5,5,8
Panama,2022,8,1,2,5
Panama,2023,10,7,7,9
Panama,2024,17,1,4,7
Panama,2025,7,0,2,6
Panama,2026,0,0,0,0
Papua New Guinea,2021,109,71,241,53
Papua New Guinea,2022,172,110,254,83
Papua New Guinea,2023,220,152,349,96
Papua New Guinea,2024,203,110,324,83
Papua New Guinea,2025,179,61,140,68
Papua New Guinea,2026,23,8,27,7
Paraguay,2018,19,5,6,13
Paraguay,2019,42,10,25,20
Paraguay,2020,31,10,18,22
Paraguay,2021,54,23,43,36
Paraguay,2022,72,19,35,49
Paraguay,2023,39,5,11,24
Paraguay,2024,15,1,6,8
Paraguay,2025,7,0,0,4
Paraguay,2026,0,0,0,0
Peru,2018,38,7,19,14
Peru,2019,106,24,32,63
Peru,2020,165,1,45,91
Peru,2021,134,19,25,70
Peru,2022,132,5,48,85
Peru,2023,139,41,82,94
Peru,2024,235,39,43,169
Peru,2025,260,43,47,190
Peru,2026,23,5,5,19
Philippines,2016,3100,3593,4532,2615
Philippines,2017,2607,2317,4356,1821
Philippines,2018,1811,1483,2118,1246
Philippines,2019,1517,1151,1730,1049
Philippines,2020,1312,914,1502,814
Philippines,2021,1001,707,1182,593
Philippines,2022,852,471,927,466
Philippines,2023,792,442,858,434
Philippines,2024,624,341,651,345
Philippines,2025,530,288,536,317
Philippines,2026,63,43,66,41
Pitcairn,2021,0,0,0,0
Poland,2020,6,0,0,4
Poland,2021,84,1,1,5
Poland,2022,81,0,0,3
Poland,2023,50,1,1,12
Poland,2024,45,0,1,8
Poland,2025,75,0,0,9
Poland,2026,2,0,0,2
Portugal,2020,8,2,2,4
Portugal,2021,2,0,0,0
Portugal,2022,0,0,0,0
Portugal,2023,0,0,0,0
Portugal,2024,4,1,1,3
Portugal,2025,3,0,0,3
Portugal,2026,0,0,0,0
Puerto Rico,2018,138,95,125,117
Puerto Rico,2019,158,116,150,129
Puerto Rico,2020,140,96,118,117
Puerto Rico,2021,211,139,180,168
Puerto Rico,2022,245,168,212,193
Puerto Rico,2023,227,160,198,174
Puerto Rico,2024,247,149,206,190
Puerto Rico,2025,200,118,168,154
Puerto Rico,2026,29,19,25,23
Qatar,2016,0,0,0,0
Qatar,2017,0,0,0,0
Qatar,2018,0,0,0,0
Qatar,2019,0,0,0,0
Qatar,2020,0,0,0,0
Qatar,2021,0,0,0,0
Qatar,2022,0,0,0,0
Qatar,2023,0,0,0,0
Qatar,2025,2,0,6,0
Republic Of Congo,1997,75,2,41,10
Republic Of Congo,1998,37,21,121,16
Republic Of Congo,1999,65,15,29,16
Republic Of Congo,2000,6,15,96,1
Republic Of Congo,2001,5,0,0,2
Republic Of Congo,2002,42,1,1,13
Republic Of Congo,2003,3,10,23,1
Republic Of Congo,2004,5,3,10,4
Republic Of Congo,2005,9,1,15,5
Republic Of Congo,2006,1,1,1,1
Republic Of Congo,2007,2,0,15,1
Republic Of Congo,2008,0,0,0,0
Republic Of Congo,2009,5,0,100,4
Republic Of Congo,2010,0,0,0,0
Republic Of Congo,2011,0,0,0,0
Republic Of Congo,2012,1,1,2,1
Republic Of Congo,2013,2,0,40,0
Republic Of Congo,2014,10,0,11,8
Republic Of Congo,2015,6,0,4,3
Republic Of Congo,2016,28,27,78,13
Republic Of Congo,2017,5,3,21,2
Republic Of Congo,2018,8,28,28,7
Republic Of Congo,2019,3,0,2,2
Republic Of Congo,2020,4,1,1,3
Republic Of Congo,2021,13,10,10,9
Republic Of Congo,2022,12,19,19,9
Republic Of Congo,2023,6,6,6,5
Republic Of Congo,2024,3,1,1,2
Republic Of Congo,2025,6,4,17,3
Republic Of Congo,2026,1,0,0,0
Reunion,2020,3,0,0,2
Reunion,2021,7,0,0,1
Reunion,2022,10,0,0,6
Reunion,2023,4,0,0,1
Reunion,2024,1,0,0,0
Reunion,2025,4,0,0,0
Reunion,2026,1,0,0,0
Romania,2018,1,0,0,1
Romania,2019,3,1,1,3
Romania,2020,14,0,3,5
Romania,2021,9,0,0,6
Romania,2022,7,0,0,5
Romania,2023,9,1,1,8
Romania,2024,8,0,0,7
Romania,2025,8,0,0,6
Romania,2026,0,0,0,0
Russian Federation,2018,263,15,121,183
Russian Federation,2019,70,6,46,48
Russian Federation,2020,75,4,56,49
Russian Federation,2021,161,10,26,150
Russian Federation,2022,449,68,97,213
Russian Federation,2023,3063,117,227,352
Russian Federation,2024,13106,661,4804,1054
Russian Federation,2025,16725,381,1844,1663
Russian Federation,2026,1959,47,57,233
Rwanda,1997,118,1835,2942,92
Rwanda,1998,136,890,2948,59
Rwanda,1999,10,22,81,7
Rwanda,2000,18,23,181,13
Rwanda,2001,27,3,952,4
Rwanda,2002,3,1,1,1
Rwanda,2003,3,3,3,3
Rwanda,2004,2,10,26,1
Rwanda,2005,3,4,4,3
Rwanda,2006,7,16,16,7
Rwanda,2007,17,19,19,17
Rwanda,2008,6,7,9,4
Rwanda,2009,13,5,8,10
Rwanda,2010,49,21,21,47
Rwanda,2011,39,3,3,39
Rwanda,2012,38,21,34,34
Rwanda,2013,14,7,8,9
Rwanda,2014,6,3,4,4
Rwanda,2015,5,3,4,4
Rwanda,2016,7,2,8,2
Rwanda,2017,4,4,4,4
Rwanda,2018,24,25,49,19
Rwanda,2019,50,59,85,42
Rwanda,2020,40,59,63,39
Rwanda,2021,29,23,31,22
Rwanda,2022,23,11,16,16
Rwanda,2023,15,6,8,11
Rwanda,2024,14,10,11,12
Rwanda,2025,8,19,19,7
Rwanda,2026,0,0,0,0
"Saint Helena, Ascension and Tristan da Cunha",2020,0,0,0,0
"Saint Helena, Ascension and Tristan da Cunha",2021,0,0,0,0
Saint Kitts and Nevis,2018,2,1,1,2
Saint Kitts and Nevis,2019,0,0,0,0
Saint Kitts and Nevis,2020,0,0,0,0
Saint Kitts and Nevis,2021,0,0,0,0
Saint Kitts and Nevis,2025,0,0,0,0
Saint Lucia,2018,0,0,0,0
Saint Lucia,2019,1,0,0,1
Saint Lucia,2020,0,0,0,0
Saint Lucia,2021,3,0,0,0
Saint Lucia,2022,1,0,0,1
Saint Lucia,2023,4,0,0,3
Saint Lucia,2024,2,0,1,0
Saint Lucia,2025,0,0,0,0
Saint Lucia,2026,0,0,0,0
Saint Pierre and Miquelon,2021,0,0,0,0
Saint Pierre and Miquelon,2022,0,0,0,0
Saint Pierre and Miquelon,2023,0,0,0,0
Saint Pierre and Miquelon,2024,0,0,0,0
Saint Vincent and the Grenadines,2018,0,0,0,0
Saint Vincent and the Grenadines,2019,0,0,0,0
Saint Vincent and the Grenadines,2020,1,0,2,0
Saint Vincent and the Grenadines,2021,0,0,0,0
Saint Vincent and the Grenadines,2022,0,0,0,0
Saint Vincent and the Grenadines,2023,0,0,0,0
Saint Vincent and the Grenadines,2024,1,0,0,1
Saint Vincent and the Grenadines,2026,1,0,3,0
Saint-Barthelemy,2018,0,0,0,0
Saint-Barthelemy,2019,0,0,0,0
Saint-Barthelemy,2020,0,0,0,0
Saint-Barthelemy,2021,0,0,0,0
Saint-Barthelemy,2022,0,0,0,0
Saint-Martin,2018,0,0,0,0
Saint-Martin,2019,0,0,0,0
Saint-Martin,2020,0,0,0,0
Saint-Martin,2021,0,0,0,0
Saint-Martin,2022,0,0,0,0
Saint-Martin,2023,1,0,0,0
Saint-Martin,2024,0,0,0,0
Saint-Martin,2025,0,0,0,0
Samoa,2021,3,0,0,3
Samoa,2023,1,0,0,1
Samoa,2024,0,0,0,0
San Marino,2020,0,0,0,0
San Marino,2021,0,0,0,0
San Marino,2022,0,0,0,0
San Marino,2023,0,0,0,0
San Marino,2024,0,0,0,0
San Marino,2025,0,0,0,0
Sao Tome and Principe,2020,0,0,0,0
Sao Tome and Principe,2021,2,1,1,1
Sao Tome and Principe,2022,2,0,5,1
Sao Tome and Principe,2023,1,0,0,1
Sao Tome and Principe,2024,1,0,0,1
Sao Tome and Principe,2025,0,0,0,0
Saudi Arabia,2015,429,76,878,27
Saudi Arabia,2016,673,54,1215,46
Saudi Arabia,2017,735,13,1430,28
Saudi Arabia,2018,780,6,1514,17
Saudi Arabia,2019,246,5,1006,13
Saudi Arabia,2020,51,10,54,10
Saudi Arabia,2021,81,3,20,11
Saudi Arabia,2022,40,5,6,10
Saudi Arabia,2023,7,185,193,4
Saudi Arabia,2024,2,5,5,2
Saudi Arabia,2025,5,1,1,1
Senegal,1997,47,83,463,21
Senegal,1998,31,79,220,15
Senegal,1999,26,40,83,11
Senegal,2000,49,15,85,18
Senegal,2001,53,67,114,22
Senegal,2002,38,37,43,17
Senegal,2003,15,1,9,9
Senegal,2004,7,0,0,0
Senegal,2005,1,0,2,0
Senegal,2006,22,5,206,7
Senegal,2007,19,6,8,7
Senegal,2008,11,4,8,10
Senegal,2009,19,9,18,9
Senegal,2010,14,2,22,2
Senegal,2011,17,12,45,5
Senegal,2012,23,2,24,7
Senegal,2013,18,6,15,9
Senegal,2014,42,7,11,19
Senegal,2015,16,1,1,5
Senegal,2016,18,7,18,9
Senegal,2017,12,0,1,3
Senegal,2018,13,18,29,7
Senegal,2019,4,2,4,2
Senegal,2020,25,0,3,6
Senegal,2021,50,7,24,17
Senegal,2022,64,6,22,24
Senegal,2023,41,5,48,17
Senegal,2024,41,11,19,14
Senegal,2025,27,4,6,15
Senegal,2026,4,0,2,1
Serbia,2018,27,5,5,16
Serbia,2019,39,0,1,21
Serbia,2020,8,0,0,8
Serbia,2021,5,1,1,5
Serbia,2022,8,0,0,8
Serbia,2023,8,0,0,8
Serbia,2024,31,1,3,26
Serbia,2025,125,2,2,116
Serbia,2026,3,0,0,3
Seychelles,2020,0,0,0,0
Seychelles,2021,0,0,0,0
Seychelles,2022,0,0,0,0
Seychelles,2023,0,0,0,0
Seychelles,2024,0,0,2,0
Seychelles,2025,0,0,0,0
Sierra Leone,1997,493,40,40,248
Sierra Leone,1998,798,0,0,497
Sierra Leone,1999,449,113,113,239
Sierra Leone,2000,235,0,0,72
Sierra Leone,2001,56,0,5,12
Sierra Leone,2002,3,2,2,2
Sierra Leone,2003,7,0,0,0
Sierra Leone,2004,8,3,3,5
Sierra Leone,2005,2,0,0,1
Sierra Leone,2006,1,0,0,0
Sierra Leone,2007,4,2,2,2
Sierra Leone,2008,12,1,7,9
Sierra Leone,2009,15,3,5,5
Sierra Leone,2010,4,0,0,3
Sierra Leone,2011,6,2,2,4
Sierra Leone,2012,7,1,3,4
Sierra Leone,2013,6,3,6,4
Sierra Leone,2014,9,0,2,7
Sierra Leone,2015,12,2,2,8
Sierra Leone,2016,9,1,7,2
Sierra Leone,2017,18,4,5,12
Sierra Leone,2018,69,5,10,38
Sierra Leone,2019,68,1,13,29
Sierra Leone,2020,42,5,31,17
Sierra Leone,2021,16,1,2,10
Sierra Leone,2022,20,7,24,11
Sierra Leone,2023,43,10,32,35
Sierra Leone,2024,7,4,4,6
Sierra Leone,2025,11,6,6,7
Sierra Leone,2026,2,0,1,1
Singapore,2020,0,0,0,0
Singapore,2021,0,0,0,0
Singapore,2022,0,0,0,0
Singapore,2023,0,0,0,0
Singapore,2024,0,0,0,0
Singapore,2025,0,0,0,0
Sint Maarten,2018,0,0,0,0
Sint Maarten,2019,0,0,0,0
Sint Maarten,2020,1,0,0,1
Sint Maarten,2021,0,0,0,0
Sint Maarten,2022,2,0,0,2
Sint Maarten,2023,0,0,0,0
Sint Maarten,2024,2,1,1,1
Slovakia,2020,4,0,0,0
Slovakia,2021,2,0,0,1
Slovakia,2022,5,2,2,4
Slovakia,2023,1,0,0,1
Slovakia,2024,3,1,1,3
Slovakia,2025,5,0,0,4
Slovakia,2026,0,0,0,0
Slovenia,2020,0,0,0,0
Slovenia,2021,1,0,0,1
Slovenia,2022,2,0,0,2
Slovenia,2023,2,0,0,2
Slovenia,2024,8,1,1,4
Slovenia,2025,6,0,0,5
Slovenia,2026,0,0,0,0
Solomon Islands,2021,9,5,5,6
Solomon Islands,2022,4,1,1,2
Solomon Islands,2023,2,1,1,1
Somalia,1997,30,15,49,16
Somalia,1998,26,4,4,12
Somalia,1999,76,46,110,29
Somalia,2000,90,31,33,47
Somalia,2001,60,40,72,26
Somalia,2002,108,65,83,36
Somalia,2003,384,398,764,202
Somalia,2004,330,243,926,179
Somalia,2005,343,60,563,180
Somalia,2006,371,53,1166,129
Somalia,2007,1242,452,2052,468
Somalia,2008,1321,506,2076,418
Somalia,2009,530,343,1137,179
Somalia,2010,1085,732,3655,280
Somalia,2011,1093,561,2002,322
Somalia,2012,1819,641,3362,578
Somalia,2013,2782,771,3171,835
Somalia,2014,2639,839,4470,746
Somalia,2015,2088,669,4136,577
Somalia,2016,2311,932,5938,743
Somalia,2017,2626,1849,6076,914
Somalia,2018,2901,749,5752,751
Somalia,2019,2852,1003,5029,730
Somalia,2020,2782,696,3479,596
Somalia,2021,3047,649,3398,473
Somalia,2022,3119,916,6652,558
Somalia,2023,3186,796,9154,606
Somalia,2024,2835,512,5557,486
Somalia,2025,4438,534,9807,769
Somalia,2026,683,73,1343,138
South Africa,1997,29,62,99,20
South Africa,1998,40,90,100,33
South Africa,1999,42,62,87,30
South Africa,2000,44,36,59,31
South Africa,2001,26,16,17,18
South Africa,2002,20,24,28,16
South Africa,2003,12,16,16,10
South Africa,2004,29,27,35,18
South Africa,2005,8,5,6,6
South Africa,2006,13,16,17,7
South Africa,2007,32,8,15,20
South Africa,2008,43,37,45,30
South Africa,2009,50,33,37,45
South Africa,2010,43,26,28,38
South Africa,2011,58,39,44,56
South Africa,2012,279,174,263,224
South Africa,2013,191,97,109,169
South Africa,2014,229,127,154,200
South Africa,2015,360,180,211,280
South Africa,2016,208,105,139,169
South Africa,2017,148,91,117,115
South Africa,2018,163,99,114,113
South Africa,2019,216,171,199,190
South Africa,2020,266,162,183,205
South Africa,2021,358,251,329,282
South Africa,2022,432,273,296,362
South Africa,2023,405,296,315,360
South Africa,2024,420,277,284,364
South Africa,2025,196,155,159,170
South Africa,2026,27,19,19,25
South Georgia and the South Sandwich Islands,2018,0,0,0,0
South Georgia and the South Sandwich Islands,2019,0,0,0,0
South Georgia and the South Sandwich Islands,2020,0,0,0,0
South Georgia and the South Sandwich Islands,2021,0,0,0,0
South Sudan,2011,51,1363,1865,27
South Sudan,2012,187,3532,4110,112
South Sudan,2013,366,2967,4368,218
South Sudan,2014,868,1970,6447,297
South Sudan,2015,816,1260,3567,340
South Sudan,2016,892,992,3686,430
South Sudan,2017,1086,1435,4859,446
South Sudan,2018,782,558,1716,330
South Sudan,2019,520,978,1801,315
South Sudan,2020,850,706,2455,441
South Sudan,2021,1750,1771,3725,1026
South Sudan,2022,1724,1765,3719,977
South Sudan,2023,1478,1497,3049,924
South Sudan,2024,1235,1038,2317,707
South Sudan,2025,1725,1066,3201,862
South Sudan,2026,219,123,743,72
Spain,2020,29,0,0,17
Spain,2021,120,4,4,58
Spain,2022,13,0,0,11
Spain,2023,9,0,0,5
Spain,2024,9,1,1,8
Spain,2025,33,2,2,19
Spain,2026,0,0,0,0
Sri Lanka,2010,139,24,28,102
Sri Lanka,2011,79,10,24,47
Sri Lanka,2012,63,8,37,40
Sri Lanka,2013,114,13,15,83
Sri Lanka,2014,48,3,6,44
Sri Lanka,2015,56,7,9,36
Sri Lanka,2016,14,3,4,7
Sri Lanka,2017,31,0,2,22
Sri Lanka,2018,114,17,26,51
Sri Lanka,2019,203,274,304,110
Sri Lanka,2020,84,16,34,52
Sri Lanka,2021,44,5,5,37
Sri Lanka,2022,27,3,12,8
Sri Lanka,2023,49,5,7,36
Sri Lanka,2024,56,3,5,42
Sri Lanka,2025,68,7,9,50
Sri Lanka,2026,11,3,3,7
Sudan,1997,230,497,5110,29
Sudan,1998,243,461,4046,36
Sudan,1999,192,179,2439,48
Sudan,2000,212,205,3116,92
Sudan,2001,198,113,4277,60
Sudan,2002,321,2992,9329,134
Sudan,2003,202,3682,8159,116
Sudan,2004,542,6947,11451,375
Sudan,2005,307,903,1886,196
Sudan,2006,193,928,1662,113
Sudan,2007,130,1148,2157,64
Sudan,2008,288,930,2119,125
Sudan,2009,320,1546,2874,176
Sudan,2010,257,295,1756,112
Sudan,2011,278,2084,4041,130
Sudan,2012,571,371,2276,358
Sudan,2013,848,938,6822,494
Sudan,2014,1077,985,4165,764
Sudan,2015,1188,1010,3496,799
Sudan,2016,1190,895,3904,715
Sudan,2017,594,408,1304,419
Sudan,2018,502,325,1054,330
Sudan,2019,461,419,773,347
Sudan,2020,435,377,959,275
Sudan,2021,683,594,1657,460
Sudan,2022,909,641,2139,670
Sudan,2023,4885,3989,17031,1477
Sudan,2024,5959,6081,16905,2390
Sudan,2025,3921,6553,18790,1642
Sudan,2026,459,662,1929,176
Suriname,2018,4,0,1,3
Suriname,2019,5,7,7,5
Suriname,2020,9,1,1,6
Suriname,2021,6,1,1,4
Suriname,2022,5,0,0,5
Suriname,2023,8,0,2,6
Suriname,2024,5,0,0,4
Suriname,2025,2,0,0,2
Suriname,2026,1,0,0,0
Sweden,2020,28,1,1,12
Sweden,2021,1,0,0,0
Sweden,2022,5,0,0,4
Sweden,2023,3,0,0,2
Sweden,2024,5,0,0,5
Sweden,2025,4,1,1,4
Sweden,2026,0,0,0,0
Switzerland,2020,3,0,0,1
Switzerland,2021,5,0,0,3
Switzerland,2022,2,0,2,1
Switzerland,2023,2,0,0,0
Switzerland,2024,2,0,0,2
Switzerland,2025,2,0,0,1
Switzerland,2026,1,0,0,0
Syrian Arab Republic,2017,30734,19593,54122,7938
Syrian Arab Republic,2018,18459,10049,30210,5000
Syrian Arab Republic,2019,18307,4330,15592,3664
Syrian Arab Republic,2020,10381,2004,8447,2204
Syrian Arab Republic,2021,9506,1637,6108,2501
Syrian Arab Republic,2022,10895,1321,6091,2394
Syrian Arab Republic,2023,10243,1581,6297,2769
Syrian Arab Republic,2024,12368,1816,7116,2822
Syrian Arab Republic,2025,6610,4812,7918,3743
Syrian Arab Republic,2026,850,346,663,316
Taiwan,2018,6,0,0,2
Taiwan,2019,8,0,0,3
Taiwan,2020,0,0,0,0
Taiwan,2021,4,0,0,1
Taiwan,2022,8,0,0,3
Taiwan,2023,0,0,0,0
Taiwan,2024,0,0,0,0
Taiwan,2025,0,0,0,0
Taiwan,2026,0,0,0,0
Tajikistan,2018,14,11,64,12
Tajikistan,2019,24,15,66,17
Tajikistan,2020,7,1,2,6
Tajikistan,2021,14,0,20,6
Tajikistan,2022,25,55,71,12
Tajikistan,2023,5,1,6,3
Tajikistan,2024,0,0,0,0
Tajikistan,2025,5,6,13,3
Tajikistan,2026,5,1,16,1
"Tanzania, United Republic of",1997,5,6,26,4
"Tanzania, United Republic of",1998,3,20,20,3
"Tanzania, United Republic of",1999,7,0,13,5
"Tanzania, United Republic of",2000,14,37,63,12
"Tanzania, United Republic of",2001,21,135,139,19
"Tanzania, United Republic of",2002,16,99,180,13
"Tanzania, United Republic of",2003,3,0,3,1
"Tanzania, United Republic of",2004,26,13,17,19
"Tanzania, United Republic of",2005,43,7,17,27
"Tanzania, United Republic of",2006,8,8,12,4
"Tanzania, United Republic of",2007,6,7,8,5
"Tanzania, United Republic of",2008,13,2,7,11
"Tanzania, United Republic of",2009,5,9,9,5
"Tanzania, United Republic of",2010,3,21,21,3
"Tanzania, United Republic of",2011,27,21,36,16
"Tanzania, United Republic of",2012,56,44,57,39
"Tanzania, United Republic of",2013,49,27,45,35
"Tanzania, United Republic of",2014,39,16,36,26
"Tanzania, United Republic of",2015,35,8,35,19
"Tanzania, United Republic of",2016,20,22,46,13
"Tanzania, United Republic of",2017,74,240,280,63
"Tanzania, United Republic of",2018,38,18,41,31
"Tanzania, United Republic of",2019,33,40,43,30
"Tanzania, United Republic of",2020,49,26,51,41
"Tanzania, United Republic of",2021,49,28,44,40
"Tanzania, United Republic of",2022,46,31,39,40
"Tanzania, United Republic of",2023,58,21,23,45
"Tanzania, United Republic of",2024,81,35,40,70
"Tanzania, United Republic of",2025,188,101,128,169
"Tanzania, United Republic of",2026,10,4,4,9
Thailand,2010,785,236,448,318
Thailand,2011,697,227,390,258
Thailand,2012,587,190,352,226
Thailand,2013,690,178,432,237
Thailand,2014,751,258,416,350
Thailand,2015,466,132,246,182
Thailand,2016,543,148,253,211
Thailand,2017,316,73,162,101
Thailand,2018,251,67,117,99
Thailand,2019,288,84,174,138
Thailand,2020,132,40,101,62
Thailand,2021,170,25,66,55
Thailand,2022,110,11,43,26
Thailand,2023,137,11,57,30
Thailand,2024,113,16,50,25
Thailand,2025,289,36,92,48
Thailand,2026,24,0,1,0
Togo,1997,2,4,4,2
Togo,1998,9,3,3,8
Togo,1999,2,4,4,2
Togo,2000,1,0,1,1
Togo,2001,0,0,0,0
Togo,2002,0,0,0,0
Togo,2003,2,0,2,2
Togo,2004,0,0,2,0
Togo,2005,13,1,94,2
Togo,2006,1,0,0,0
Togo,2007,0,0,0,0
Togo,2008,1,1,1,1
Togo,2009,1,0,2,0
Togo,2010,1,0,0,1
Togo,2011,1,0,1,0
Togo,2012,2,0,0,2
Togo,2013,7,2,8,4
Togo,2014,2,0,0,2
Togo,2015,2,2,8,2
Togo,2016,4,1,5,3
Togo,2017,14,24,44,13
Togo,2018,3,2,6,2
Togo,2019,14,5,9,9
Togo,2020,32,6,14,22
Togo,2021,12,4,4,9
Togo,2022,35,42,78,24
Togo,2023,27,49,98,14
Togo,2024,33,65,153,18
Togo,2025,18,10,29,12
Tokelau,2021,0,0,0,0
Tonga,2021,0,0,0,0
Tonga,2024,0,0,0,0
Trinidad and Tobago,2018,286,174,243,214
Trinidad and Tobago,2019,222,142,181,181
Trinidad and Tobago,2020,188,120,162,133
Trinidad and Tobago,2021,243,159,186,204
Trinidad and Tobago,2022,342,242,285,288
Trinidad and Tobago,2023,407,282,333,336
Trinidad and Tobago,2024,399,277,329,353
Trinidad and Tobago,2025,263,127,181,207
Trinidad and Tobago,2026,38,20,21,31
Tunisia,1997,0,0,0,0
Tunisia,1998,0,0,0,0
Tunisia,1999,1,0,4,0
Tunisia,2000,0,0,0,0
Tunisia,2001,3,0,0,3
Tunisia,2002,2,22,22,2
Tunisia,2003,1,0,0,1
Tunisia,2004,2,0,0,2
Tunisia,2005,1,0,0,1
Tunisia,2006,1,0,2,0
Tunisia,2007,1,0,14,0
Tunisia,2008,6,2,4,5
Tunisia,2009,0,0,0,0
Tunisia,2010,12,2,2,11
Tunisia,2011,133,86,221,60
Tunisia,2012,52,0,14,22
Tunisia,2013,96,7,75,30
Tunisia,2014,123,12,104,20
Tunisia,2015,82,80,161,25
Tunisia,2016,107,6,120,21
Tunisia,2017,100,6,27,26
Tunisia,2018,65,8,34,21
Tunisia,2019,63,5,30,21
Tunisia,2020,43,3,15,22
Tunisia,2021,42,5,19,22
Tunisia,2022,8,1,1,1
Tunisia,2023,33,1,9,14
Tunisia,2024,23,1,3,6
Tunisia,2025,16,3,3,10
Tunisia,2026,3,1,7,1
Turkey,2016,1855,446,4484,227
Turkey,2017,932,114,2658,131
Turkey,2018,984,47,983,222
Turkey,2019,946,62,559,287
Turkey,2020,778,44,359,176
Turkey,2021,382,27,213,92
Turkey,2022,366,32,199,100
Turkey,2023,368,24,144,187
Turkey,2024,258,12,55,103
Turkey,2025,50,3,15,31
Turkey,2026,6,0,1,4
Turkmenistan,2018,3,0,25,2
Turkmenistan,2019,10,7,8,6
Turkmenistan,2020,5,1,1,2
Turkmenistan,2021,0,0,0,0
Turkmenistan,2022,0,0,0,0
Turkmenistan,2023,1,1,1,1
Turkmenistan,2024,1,0,0,1
Turkmenistan,2025,5,2,2,5
Turkmenistan,2026,1,0,0,1
Turks and Caicos Islands,2018,0,0,0,0
Turks and Caicos Islands,2019,1,0,0,0
Turks and Caicos Islands,2020,0,0,0,0
Turks and Caicos Islands,2021,0,0,0,0
Tuvalu,2021,0,0,0,0
Uganda,1997,89,350,932,33
Uganda,1998,278,372,1161,130
Uganda,1999,233,599,1287,124
Uganda,2000,233,498,1242,107
Uganda,2001,109,48,129,55
Uganda,2002,455,800,1861,216
Uganda,2003,651,1866,2839,353
Uganda,2004,325,830,1415,108
Uganda,2005,261,437,1092,80
Uganda,2006,266,251,723,146
Uganda,2007,75,83,308,34
Uganda,2008,66,102,174,38
Uganda,2009,73,41,158,35
Uganda,2010,87,156,289,55
Uganda,2011,62,15,29,46
Uganda,2012,35,7,20,25
Uganda,2013,33,10,34,25
Uganda,2014,66,94,195,51
Uganda,2015,85,20,29,46
Uganda,2016,102,28,278,47
Uganda,2017,107,35,66,66
Uganda,2018,207,104,146,143
Uganda,2019,221,124,162,164
Uganda,2020,444,93,297,281
Uganda,2021,611,297,500,457
Uganda,2022,430,217,363,294
Uganda,2023,369,290,367,307
Uganda,2024,285,212,243,252
Uganda,2025,279,145,198,200
Uganda,2026,72,29,44,49
Ukraine,2018,13360,63,884,273
Ukraine,2019,14883,59,398,231
Ukraine,2020,8453,20,121,151
Ukraine,2021,7296,10,149,85
Ukraine,2022,39830,5896,40535,4376
Ukraine,2023,54758,2033,39776,3297
Ukraine,2024,53222,2240,73572,4029
Ukraine,2025,75803,2612,78360,5531
Ukraine,2026,11574,344,10203,729
United Arab Emirates,2017,0,0,0,0
United Arab Emirates,2018,1,0,0,0
United Arab Emirates,2019,1,0,0,1
United Arab Emirates,2020,1,2,2,1
United Arab Emirates,2021,3,0,0,3
United Arab Emirates,2022,8,3,3,2
United Arab Emirates,2023,0,0,0,0
United Arab Emirates,2024,1,1,1,1
United Arab Emirates,2025,3,0,0,3
United Kingdom,2020,86,5,5,62
United Kingdom,2021,80,5,5,57
United Kingdom,2022,32,0,0,19
United Kingdom,2023,21,1,1,14
United Kingdom,2024,24,0,0,20
United Kingdom,2025,16,3,3,12
United Kingdom,2026,2,0,0,1
United States,2020,285,51,74,254
United States,2021,153,76,87,138
United States,2022,194,91,98,178
United States,2023,157,62,66,146
United States,2024,132,31,33,123
United States,2025,110,45,55,93
United States,2026,15,3,3,15
United States Minor Outlying Islands,2021,0,0,0,0
Uruguay,2018,3,0,0,1
Uruguay,2019,12,3,3,6
Uruguay,2020,4,2,2,3
Uruguay,2021,1,0,0,0
Uruguay,2022,4,1,1,4
Uruguay,2023,3,1,1,1
Uruguay,2024,1,0,0,0
Uruguay,2025,0,0,0,0
Uruguay,2026,0,0,0,0
Uzbekistan,2018,15,2,2,13
Uzbekistan,2019,25,3,3,24
Uzbekistan,2020,32,4,4,27
Uzbekistan,2021,36,4,4,31
Uzbekistan,2022,43,8,29,39
Uzbekistan,2023,37,3,3,37
Uzbekistan,2024,17,2,2,16
Uzbekistan,2025,28,5,6,27
Uzbekistan,2026,1,0,0,1
Vanuatu,2021,0,0,0,0
Vanuatu,2022,1,1,1,1
Vanuatu,2023,1,0,0,0
Vanuatu,2024,0,0,0,0
Vatican City,2020,0,0,0,0
Vatican City,2021,0,0,0,0
Vatican City,2022,0,0,0,0
Vatican City,2023,0,0,0,0
Vatican City,2024,0,0,0,0
"Venezuela, Bolivarian Republic of",2018,2074,1263,3220,971
"Venezuela, Bolivarian Republic of",2019,2430,1583,3378,1317
"Venezuela, Bolivarian Republic of",2020,2015,871,2702,814
"Venezuela, Bolivarian Republic of",2021,1487,594,1787,586
"Venezuela, Bolivarian Republic of",2022,883,318,1074,351
"Venezuela, Bolivarian Republic of",2023,701,254,783,278
"Venezuela, Bolivarian Republic of",2024,522,179,557,206
"Venezuela, Bolivarian Republic of",2025,350,96,446,130
"Venezuela, Bolivarian Republic of",2026,46,16,115,23
Viet Nam,2010,22,12,12,21
Viet Nam,2011,11,66,66,10
Viet Nam,2012,15,3,3,11
Viet Nam,2013,14,4,4,13
Viet Nam,2014,17,22,29,15
Viet Nam,2015,35,3,3,34
Viet Nam,2016,19,2,2,18
Viet Nam,2017,21,3,3,19
Viet Nam,2018,11,3,3,11
Viet Nam,2019,23,0,1,17
Viet Nam,2020,7,0,4,6
Viet Nam,2021,3,0,0,1
Viet Nam,2022,0,0,0,0
Viet Nam,2023,4,1,11,2
Viet Nam,2024,1,1,1,1
Viet Nam,2025,0,0,0,0
"Virgin Islands, British",2018,0,0,0,0
"Virgin Islands, British",2019,0,0,0,0
"Virgin Islands, British",2020,0,0,0,0
"Virgin Islands, British",2021,0,0,0,0
"Virgin Islands, British",2022,0,0,0,0
"Virgin Islands, British",2023,0,0,0,0
"Virgin Islands, British",2024,0,0,0,0
"Virgin Islands, British",2025,0,0,0,0
"Virgin Islands, U.S.",2018,0,0,0,0
"Virgin Islands, U.S.",2019,0,0,0,0
"Virgin Islands, U.S.",2020,1,0,0,1
"Virgin Islands, U.S.",2021,0,0,0,0
Wallis and Futuna,2021,0,0,0,0
Wallis and Futuna,2022,0,0,0,0
Wallis and Futuna,2023,0,0,0,0
Wallis and Futuna,2024,0,0,0,0
Yemen,2015,7570,4650,17466,1134
Yemen,2016,8768,2328,15648,836
Yemen,2017,8258,1913,17634,663
Yemen,2018,10807,2425,34247,1408
Yemen,2019,10574,1286,27858,1202
Yemen,2020,10017,1285,19723,1243
Yemen,2021,7383,801,18368,995
Yemen,2022,6662,1224,6596,1092
Yemen,2023,4471,760,2664,1239
Yemen,2024,3857,427,3007,1046
Yemen,2025,3808,606,2901,1092
Yemen,2026,339,44,278,138
Zambia,1997,4,0,1,2
Zambia,1998,3,1,1,1
Zambia,1999,9,4,4,7
Zambia,2000,15,1,3,11
Zambia,2001,11,1,2,10
Zambia,2002,3,0,0,3
Zambia,2003,10,10,14,10
Zambia,2004,8,6,6,8
Zambia,2005,12,0,0,8
Zambia,2006,22,23,24,20
Zambia,2007,25,30,66,21
Zambia,2008,4,11,11,4
Zambia,2009,9,16,16,8
Zambia,2010,9,0,0,8
Zambia,2011,17,2,22,11
Zambia,2012,22,12,12,15
Zambia,2013,40,11,13,32
Zambia,2014,45,7,7,28
Zambia,2015,47,6,8,35
Zambia,2016,52,4,6,33
Zambia,2017,14,2,2,11
Zambia,2018,29,14,17,23
Zambia,2019,22,9,11,17
Zambia,2020,80,35,40,58
Zambia,2021,75,15,16,47
Zambia,2022,38,12,12,29
Zambia,2023,37,15,15,29
Zambia,2024,10,10,10,8
Zambia,2025,33,13,17,20
Zambia,2026,2,0,0,1
Zimbabwe,1997,3,0,2,3
Zimbabwe,1998,11,4,10,11
Zimbabwe,1999,19,6,6,18
Zimbabwe,2000,270,44,44,265
Zimbabwe,2001,280,37,37,278
Zimbabwe,2002,656,54,54,651
Zimbabwe,2003,254,6,6,249
Zimbabwe,2004,242,2,2,235
Zimbabwe,2005,200,8,8,195
Zimbabwe,2006,91,1,1,89
Zimbabwe,2007,159,13,13,156
Zimbabwe,2008,700,126,126,695
Zimbabwe,2009,147,26,31,127
Zimbabwe,2010,127,8,9,121
Zimbabwe,2011,196,8,11,185
Zimbabwe,2012,126,12,14,113
Zimbabwe,2013,65,8,8,58
Zimbabwe,2014,97,7,7,73
Zimbabwe,2015,153,14,19,114
Zimbabwe,2016,105,7,7,84
Zimbabwe,2017,208,3,9,164
Zimbabwe,2018,238,13,27,179
Zimbabwe,2019,96,23,42,81
Zimbabwe,2020,92,14,21,74
Zimbabwe,2021,85,23,23,68
Zimbabwe,2022,142,32,33,121
Zimbabwe,2023,173,40,40,160
Zimbabwe,2024,50,16,19,40
Zimbabwe,2025,22,7,7,18
Zimbabwe,2026,8,2,2,7
